time,actionName,score,cost,distanceCost,totalCost,hunger,sleep,money,inventory0.00,Eat,0.74,0.20,0.00,0.20,49.00,51.00,10.00,0.00
0.18,Work,1.00,0.40,0.10,0.45,20.00,50.00,0.00,0.00
3.42,Work,1.00,0.40,0.10,0.45,20.00,50.00,0.00,60.00
3.50,DropOffResource,0.83,0.30,0.09,0.34,20.00,50.00,0.00,80.00
4.69,DropOffResource,1.00,0.30,0.09,0.34,20.00,50.00,0.00,100.00
4.76,Work,1.00,0.40,0.10,0.45,20.00,50.00,0.00,100.00
5.37,DropOffResource,1.00,0.30,0.09,0.34,21.00,49.00,0.00,100.00
6.89,Work,1.00,0.40,0.10,0.45,21.00,49.00,0.00,100.00
10.56,DropOffResource,1.00,0.30,0.09,0.34,22.00,48.00,0.00,100.00
13.07,Work,1.00,0.40,0.10,0.45,22.00,48.00,0.00,100.00
13.63,Work,1.00,0.40,0.10,0.45,22.00,48.00,0.00,100.00
18.73,Sleep,0.54,0.10,0.28,0.24,23.00,47.00,0.00,100.00
20.21,DropOffResource,1.00,0.30,0.09,0.34,23.00,47.00,0.00,100.00
22.95,Work,1.00,0.40,0.10,0.45,24.00,46.00,0.00,100.00
26.42,Work,1.00,0.40,0.10,0.45,25.00,45.00,0.00,100.00
26.49,DropOffResource,1.00,0.30,0.09,0.34,25.00,45.00,0.00,100.00
28.98,DropOffResource,1.00,0.30,0.09,0.34,25.00,45.00,0.00,100.00
29.06,Eat,0.44,0.20,0.00,0.20,25.00,45.00,0.00,100.00
29.14,Work,1.00,0.40,0.10,0.45,25.00,45.00,0.00,100.00
29.70,Work,1.00,0.40,0.10,0.45,25.00,45.00,0.00,100.00
34.80,DropOffResource,1.00,0.30,0.09,0.34,26.00,44.00,0.00,100.00
37.32,Sleep,0.60,0.10,0.28,0.24,27.00,43.00,0.00,100.00
40.38,Sleep,0.60,0.10,0.28,0.24,27.00,43.00,0.00,100.00
43.59,Sleep,0.57,0.10,0.28,0.24,28.00,45.00,0.00,100.00
43.70,Eat,0.48,0.20,0.00,0.20,28.00,48.00,0.00,100.00
43.78,DropOffResource,1.00,0.30,0.09,0.34,28.00,50.00,0.00,100.00
46.58,DropOffResource,1.00,0.30,0.09,0.34,29.00,100.00,0.00,100.00
46.65,DropOffResource,1.00,0.30,0.09,0.34,29.00,100.00,0.00,100.00
46.80,Work,1.00,0.40,0.10,0.45,29.00,100.00,20.00,0.00
50.45,Work,1.00,0.40,0.10,0.45,29.00,100.00,20.00,20.00
50.52,Work,1.00,0.40,0.10,0.45,29.00,100.00,20.00,40.00
50.60,Work,1.00,0.40,0.10,0.45,29.00,100.00,20.00,60.00
50.75,Work,1.00,0.40,0.10,0.45,30.00,99.00,20.00,100.00
50.82,DropOffResource,1.00,0.30,0.09,0.34,30.00,99.00,20.00,100.00
53.28,Eat,0.51,0.20,0.00,0.20,30.00,99.00,20.00,100.00
53.35,DropOffResource,1.00,0.30,0.09,0.34,30.00,99.00,20.00,100.00
53.47,Work,1.00,0.40,0.10,0.45,30.00,99.00,40.00,20.00
54.02,Eat,0.51,0.20,0.00,0.20,30.00,99.00,40.00,30.00
54.13,Work,1.00,0.40,0.10,0.45,0.00,99.00,30.00,30.00
59.14,Work,1.00,0.40,0.10,0.45,1.00,98.00,30.00,50.00
59.21,Work,1.00,0.40,0.10,0.45,1.00,98.00,30.00,70.00
59.32,DropOffResource,1.00,0.30,0.09,0.34,1.00,98.00,30.00,100.00
61.75,DropOffResource,1.00,0.30,0.09,0.34,2.00,97.00,30.00,100.00
61.83,DropOffResource,1.00,0.30,0.09,0.34,2.00,97.00,30.00,100.00
61.90,Work,1.00,0.40,0.10,0.45,2.00,97.00,30.00,100.00
62.50,DropOffResource,1.00,0.30,0.09,0.34,2.00,97.00,30.00,100.00
64.44,Work,0.99,0.40,0.10,0.45,2.00,97.00,50.00,0.00
68.11,Eat,0.06,0.20,0.00,0.20,3.00,96.00,50.00,20.00
68.18,Work,0.99,0.40,0.10,0.45,3.00,96.00,50.00,40.00
68.26,Work,0.99,0.40,0.10,0.45,3.00,96.00,50.00,60.00
68.37,Work,0.99,0.40,0.10,0.45,3.00,96.00,50.00,90.00
68.44,DropOffResource,1.00,0.30,0.09,0.34,3.00,96.00,50.00,100.00
70.93,DropOffResource,1.00,0.30,0.09,0.34,3.00,96.00,50.00,100.00
71.00,Work,0.99,0.40,0.10,0.45,4.00,95.00,50.00,100.00
71.57,Sleep,0.01,0.10,0.28,0.24,4.00,95.00,50.00,100.00
77.13,Work,0.99,0.40,0.10,0.45,5.00,96.00,50.00,100.00
78.54,Work,0.99,0.40,0.10,0.45,5.00,100.00,50.00,100.00
78.62,Work,0.99,0.40,0.10,0.45,5.00,100.00,50.00,100.00
78.69,DropOffResource,1.00,0.30,0.09,0.34,5.00,100.00,50.00,100.00
81.14,DropOffResource,1.00,0.30,0.09,0.34,6.00,99.00,50.00,100.00
81.25,Work,0.99,0.40,0.10,0.45,6.00,99.00,70.00,0.00
84.93,Work,0.99,0.40,0.10,0.45,6.00,99.00,70.00,20.00
85.01,Work,0.99,0.40,0.10,0.45,6.00,99.00,70.00,40.00
85.08,Work,0.99,0.40,0.10,0.45,6.00,99.00,70.00,70.00
85.20,Work,0.99,0.40,0.10,0.45,6.00,99.00,70.00,100.00
85.31,DropOffResource,1.00,0.30,0.09,0.34,6.00,99.00,70.00,100.00
87.82,Work,0.99,0.40,0.10,0.45,7.00,98.00,70.00,100.00
88.39,DropOffResource,1.00,0.30,0.09,0.34,7.00,98.00,70.00,100.00
90.32,Work,0.98,0.40,0.10,0.45,7.00,98.00,90.00,0.00
93.99,Work,0.98,0.40,0.10,0.45,8.00,97.00,90.00,30.00
94.10,DropOffResource,0.30,0.30,0.09,0.34,8.00,97.00,90.00,50.00
96.62,Work,0.98,0.40,0.10,0.45,9.00,96.00,90.00,100.00
97.18,Eat,0.17,0.20,0.00,0.20,9.00,96.00,90.00,100.00
97.29,Work,0.98,0.40,0.10,0.45,0.00,96.00,80.00,100.00
102.27,DropOffResource,1.00,0.30,0.09,0.34,1.00,95.00,80.00,100.00
104.72,DropOffResource,1.00,0.30,0.09,0.34,1.00,95.00,80.00,100.00
104.79,Work,0.98,0.40,0.10,0.45,1.00,95.00,80.00,100.00
105.34,DropOffResource,1.00,0.30,0.09,0.34,1.00,95.00,80.00,100.00
107.25,Work,0.97,0.40,0.10,0.45,2.00,94.00,100.00,0.00
110.92,Work,0.97,0.40,0.10,0.45,2.00,94.00,100.00,20.00
111.00,Eat,0.04,0.20,0.00,0.20,2.00,94.00,100.00,40.00
111.08,Work,0.97,0.40,0.10,0.45,2.00,94.00,100.00,60.00
111.15,DropOffResource,0.95,0.30,0.09,0.34,2.00,94.00,100.00,90.00
113.65,Work,0.97,0.40,0.10,0.45,3.00,93.00,100.00,100.00
114.20,Work,0.97,0.40,0.10,0.45,3.00,93.00,100.00,100.00
119.31,DropOffResource,1.00,0.30,0.09,0.34,4.00,92.00,100.00,100.00
121.78,DropOffResource,1.00,0.30,0.09,0.34,5.00,91.00,100.00,100.00
121.85,DropOffResource,1.00,0.30,0.09,0.34,5.00,91.00,100.00,100.00
121.93,Work,0.97,0.40,0.10,0.45,5.00,91.00,100.00,100.00
122.48,DropOffResource,1.00,0.30,0.09,0.34,5.00,91.00,100.00,100.00
124.38,Work,0.96,0.40,0.10,0.45,5.00,91.00,120.00,0.00
128.04,Work,0.96,0.40,0.10,0.45,6.00,90.00,120.00,20.00
128.11,Work,0.96,0.40,0.10,0.45,6.00,90.00,120.00,40.00
128.19,DropOffResource,0.65,0.30,0.09,0.34,6.00,90.00,120.00,70.00
130.71,DropOffResource,1.00,0.30,0.09,0.34,6.00,90.00,120.00,100.00
130.79,Work,0.96,0.40,0.10,0.45,6.00,90.00,120.00,100.00
131.35,Eat,0.12,0.20,0.00,0.20,6.00,90.00,120.00,100.00
131.47,Work,0.97,0.40,0.10,0.45,0.00,90.00,110.00,100.00
136.44,Work,0.97,0.40,0.10,0.45,1.00,89.00,110.00,100.00
136.57,Work,0.97,0.40,0.10,0.45,1.00,89.00,110.00,100.00
136.67,Work,0.97,0.40,0.10,0.45,1.00,89.00,110.00,100.00
136.76,Work,0.97,0.40,0.10,0.45,2.00,88.00,110.00,100.00
136.83,DropOffResource,1.00,0.30,0.09,0.34,2.00,88.00,110.00,100.00
139.33,DropOffResource,1.00,0.30,0.09,0.34,2.00,88.00,110.00,100.00
139.41,DropOffResource,1.00,0.30,0.09,0.34,2.00,88.00,110.00,100.00
139.48,DropOffResource,1.00,0.30,0.09,0.34,2.00,88.00,110.00,100.00
139.59,Work,0.95,0.40,0.10,0.45,2.00,88.00,130.00,10.00
143.25,Work,0.95,0.40,0.10,0.45,3.00,87.00,130.00,40.00
143.32,Work,0.95,0.40,0.10,0.45,3.00,87.00,130.00,60.00
143.40,Work,0.95,0.40,0.10,0.45,3.00,87.00,130.00,80.00
143.48,DropOffResource,0.95,0.30,0.09,0.34,3.00,87.00,130.00,90.00
146.00,Eat,0.06,0.20,0.00,0.20,3.00,87.00,130.00,100.00
146.08,DropOffResource,1.00,0.30,0.09,0.34,3.00,87.00,130.00,100.00
146.15,DropOffResource,1.00,0.30,0.09,0.34,3.00,87.00,130.00,100.00
146.26,Work,0.94,0.40,0.10,0.45,3.00,87.00,150.00,20.00
146.83,Work,0.94,0.40,0.10,0.45,4.00,86.00,150.00,30.00
151.93,DropOffResource,0.30,0.30,0.09,0.34,5.00,85.00,150.00,50.00
154.41,DropOffResource,1.00,0.30,0.09,0.34,5.00,85.00,150.00,100.00
154.48,DropOffResource,1.00,0.30,0.09,0.34,5.00,85.00,150.00,100.00
154.56,DropOffResource,1.00,0.30,0.09,0.34,5.00,85.00,150.00,100.00
154.63,Work,0.94,0.40,0.10,0.45,5.00,85.00,150.00,100.00
155.18,DropOffResource,1.00,0.30,0.09,0.34,5.00,85.00,150.00,100.00
157.10,Work,0.92,0.40,0.10,0.45,6.00,84.00,170.00,0.00
160.77,Eat,0.12,0.20,0.00,0.20,6.00,84.00,170.00,20.00
160.84,Work,0.92,0.40,0.10,0.45,6.00,84.00,170.00,40.00
160.92,DropOffResource,0.65,0.30,0.09,0.34,6.00,84.00,170.00,70.00
163.33,DropOffResource,1.00,0.30,0.09,0.34,7.00,83.00,170.00,100.00
163.43,DropOffResource,1.00,0.30,0.09,0.34,7.00,83.00,170.00,100.00
163.52,DropOffResource,1.00,0.30,0.09,0.34,7.00,83.00,170.00,100.00
163.57,DropOffResource,1.00,0.30,0.09,0.34,7.00,83.00,170.00,100.00
163.67,Work,0.91,0.40,0.10,0.45,7.00,83.00,190.00,20.00
164.24,DropOffResource,0.30,0.30,0.09,0.34,7.00,83.00,190.00,50.00
165.82,Eat,0.14,0.20,0.00,0.20,7.00,83.00,210.00,0.00
165.94,Work,0.90,0.40,0.10,0.45,0.00,83.00,200.00,0.00
time,actionName,score,cost,distanceCost,totalCost,hunger,sleep,money,inventory0.00,Work,1.00,0.40,0.00,0.00,49.00,51.00,10.00,0.00
3.17,Sleep,0.50,0.10,0.00,0.00,50.00,50.00,10.00,10.00
5.67,DropOffResource,1.00,0.30,0.00,0.00,51.00,49.00,10.00,100.00
8.32,Eat,0.76,0.20,0.00,0.00,51.00,49.00,10.00,100.00
8.48,DropOffResource,1.00,0.30,0.00,0.00,21.00,49.00,0.00,100.00
8.62,Work,1.00,0.40,0.00,0.00,21.00,49.00,20.00,0.00
12.26,Work,1.00,0.40,0.00,0.00,22.00,48.00,20.00,10.00
12.34,Work,1.00,0.40,0.00,0.00,22.00,48.00,20.00,30.00
12.45,Work,1.00,0.40,0.00,0.00,22.00,48.00,20.00,40.00
12.55,Work,1.00,0.40,0.00,0.00,22.00,48.00,20.00,70.00
12.61,Work,1.00,0.40,0.00,0.00,22.00,48.00,20.00,100.00
12.70,Sleep,0.53,0.10,0.00,0.00,22.00,48.00,20.00,100.00
14.19,Work,1.00,0.40,0.00,0.00,22.00,48.00,20.00,100.00
15.60,Eat,0.41,0.20,0.00,0.00,23.00,47.00,20.00,100.00
15.74,Work,1.00,0.40,0.00,0.00,0.00,47.00,10.00,100.00
18.91,Sleep,0.54,0.10,0.00,0.00,0.00,47.00,10.00,100.00
20.42,Work,1.00,0.40,0.00,0.00,1.00,46.00,10.00,100.00
21.83,Sleep,0.56,0.10,0.00,0.00,1.00,46.00,10.00,100.00
23.91,DropOffResource,1.00,0.30,0.00,0.00,1.00,46.00,10.00,100.00
26.73,Work,1.00,0.40,0.00,0.00,2.00,45.00,30.00,0.00
30.23,Work,1.00,0.40,0.00,0.00,2.00,45.00,30.00,20.00
30.30,DropOffResource,0.17,0.30,0.00,0.00,2.00,45.00,30.00,40.00
32.42,Work,1.00,0.40,0.00,0.00,3.00,44.00,30.00,100.00
33.02,DropOffResource,1.00,0.30,0.00,0.00,3.00,44.00,30.00,100.00
34.78,DropOffResource,1.00,0.30,0.00,0.00,3.00,44.00,30.00,100.00
34.90,Work,0.99,0.40,0.00,0.00,3.00,44.00,50.00,0.00
38.54,Work,0.99,0.40,0.00,0.00,4.00,43.00,50.00,20.00
38.62,Work,0.99,0.40,0.00,0.00,4.00,43.00,50.00,40.00
38.73,Work,0.99,0.40,0.00,0.00,4.00,43.00,50.00,50.00
38.81,Work,0.99,0.40,0.00,0.00,4.00,43.00,50.00,70.00
38.88,DropOffResource,0.83,0.30,0.00,0.00,4.00,43.00,50.00,80.00
41.39,Sleep,0.62,0.10,0.00,0.00,5.00,42.00,50.00,100.00
44.45,DropOffResource,1.00,0.30,0.00,0.00,5.00,42.00,50.00,100.00
47.17,Work,0.99,0.40,0.00,0.00,6.00,41.00,70.00,0.00
50.64,Sleep,0.63,0.10,0.00,0.00,6.00,41.00,70.00,20.00
51.98,Sleep,0.65,0.10,0.00,0.00,7.00,40.00,70.00,100.00
52.07,DropOffResource,1.00,0.30,0.00,0.00,7.00,40.00,70.00,100.00
55.01,DropOffResource,1.00,0.30,0.00,0.00,7.00,40.00,70.00,100.00
55.12,Work,0.98,0.40,0.00,0.00,7.00,40.00,90.00,0.00
58.78,Sleep,0.66,0.10,0.00,0.00,8.00,39.00,90.00,20.00
60.28,DropOffResource,1.00,0.30,0.00,0.00,8.00,39.00,90.00,100.00
63.16,Work,0.98,0.40,0.00,0.00,9.00,38.00,90.00,100.00
66.66,DropOffResource,1.00,0.30,0.00,0.00,10.00,37.00,90.00,100.00
68.98,DropOffResource,1.00,0.30,0.00,0.00,10.00,37.00,90.00,100.00
69.08,Work,0.98,0.40,0.00,0.00,10.00,37.00,90.00,100.00
69.66,Sleep,0.69,0.10,0.00,0.00,10.00,37.00,90.00,100.00
75.28,DropOffResource,1.00,0.30,0.00,0.00,11.00,38.00,90.00,100.00
78.02,DropOffResource,1.00,0.30,0.00,0.00,12.00,100.00,90.00,100.00
78.16,Work,0.97,0.40,0.00,0.00,12.00,100.00,110.00,0.00
78.73,Work,0.97,0.40,0.00,0.00,12.00,100.00,110.00,0.00
83.86,Work,0.97,0.40,0.00,0.00,13.00,99.00,110.00,20.00
83.95,Work,0.97,0.40,0.00,0.00,13.00,99.00,110.00,50.00
84.13,DropOffResource,0.83,0.30,0.00,0.00,13.00,99.00,110.00,80.00
86.55,Work,0.97,0.40,0.00,0.00,14.00,98.00,110.00,100.00
87.12,DropOffResource,1.00,0.30,0.00,0.00,14.00,98.00,110.00,100.00
88.67,Eat,0.26,0.20,0.00,0.00,14.00,98.00,110.00,100.00
88.79,DropOffResource,1.00,0.30,0.00,0.00,0.00,98.00,100.00,100.00
88.90,Work,0.96,0.40,0.00,0.00,0.00,98.00,120.00,0.00
92.58,Work,0.96,0.40,0.00,0.00,1.00,97.00,120.00,20.00
92.68,Work,0.96,0.40,0.00,0.00,1.00,97.00,120.00,40.00
92.76,DropOffResource,0.47,0.30,0.00,0.00,1.00,97.00,120.00,60.00
95.25,Work,0.96,0.40,0.00,0.00,1.00,97.00,120.00,100.00
95.82,Sleep,0.00,0.10,0.00,0.00,1.00,97.00,120.00,100.00
101.39,DropOffResource,1.00,0.30,0.00,0.00,3.00,97.00,120.00,100.00
time,actionName,score,cost,distanceCost,totalCost,hunger,sleep,money,inventory0.00,Eat,0.74,0.20,0.00,0.00,49.00,51.00,10.00,0.00
0.18,Work,1.00,0.40,0.00,0.00,20.00,50.00,0.00,0.00
3.36,Work,1.00,0.40,0.00,0.00,20.00,50.00,0.00,20.00
3.44,Work,1.00,0.40,0.00,0.00,20.00,50.00,0.00,50.00
3.52,DropOffResource,0.83,0.30,0.00,0.00,20.00,50.00,0.00,80.00
4.64,DropOffResource,1.00,0.30,0.00,0.00,20.00,50.00,0.00,100.00
4.85,Work,1.00,0.40,0.00,0.00,20.00,50.00,20.00,60.00
time,actionName,score,cost,distanceCost,totalCost,hunger,sleep,money,inventory0.00,Work,1.00,0.40,0.00,0.00,49.00,51.00,10.00,0.00
3.18,Work,1.00,0.40,0.00,0.00,50.00,50.00,10.00,10.00
3.44,Work,1.00,0.40,0.00,0.00,50.00,50.00,10.00,30.00
3.57,Work,1.00,0.40,0.00,0.00,50.00,50.00,10.00,60.00
3.65,Work,1.00,0.40,0.00,0.00,50.00,50.00,10.00,90.00
3.88,DropOffResource,1.00,0.30,0.00,0.00,50.00,50.00,10.00,100.00
5.12,DropOffResource,1.00,0.30,0.00,0.00,51.00,49.00,10.00,100.00
5.20,DropOffResource,1.00,0.30,0.00,0.00,51.00,49.00,10.00,100.00
5.40,Work,1.00,0.40,0.00,0.00,51.00,49.00,30.00,20.00
5.98,DropOffResource,1.00,0.30,0.00,0.00,51.00,49.00,30.00,100.00
7.60,DropOffResource,1.00,0.30,0.00,0.00,51.00,49.00,30.00,100.00
7.71,Work,0.99,0.40,0.00,0.00,51.00,49.00,50.00,0.00
11.33,Work,0.99,0.40,0.00,0.00,52.00,48.00,50.00,20.00
11.39,Work,0.99,0.40,0.00,0.00,52.00,48.00,50.00,40.00
11.47,Work,0.99,0.40,0.00,0.00,52.00,48.00,50.00,60.00
11.57,Work,0.99,0.40,0.00,0.00,52.00,48.00,50.00,90.00
11.63,DropOffResource,1.00,0.30,0.00,0.00,52.00,48.00,50.00,100.00
14.11,DropOffResource,1.00,0.30,0.00,0.00,52.00,48.00,50.00,100.00
14.17,DropOffResource,1.00,0.30,0.00,0.00,52.00,48.00,50.00,100.00
14.28,Work,0.99,0.40,0.00,0.00,52.00,48.00,70.00,20.00
14.85,Work,0.99,0.40,0.00,0.00,52.00,48.00,70.00,50.00
19.93,Work,0.99,0.40,0.00,0.00,53.00,47.00,70.00,80.00
20.03,DropOffResource,1.00,0.30,0.00,0.00,53.00,47.00,70.00,100.00
22.48,DropOffResource,1.00,0.30,0.00,0.00,54.00,46.00,70.00,100.00
22.55,DropOffResource,1.00,0.30,0.00,0.00,54.00,46.00,70.00,100.00
22.64,DropOffResource,1.00,0.30,0.00,0.00,54.00,46.00,70.00,100.00
22.72,DropOffResource,1.00,0.30,0.00,0.00,54.00,46.00,70.00,100.00
22.79,DropOffResource,1.00,0.30,0.00,0.00,54.00,46.00,70.00,100.00
22.87,DropOffResource,1.00,0.30,0.00,0.00,54.00,46.00,70.00,100.00
22.97,Work,0.98,0.40,0.00,0.00,54.00,46.00,90.00,20.00
23.53,Work,0.98,0.40,0.00,0.00,54.00,46.00,90.00,30.00
time,actionName,score,cost,distanceCost,totalCost,hunger,sleep,money,inventory0.00,Work,1.00,0.40,0.00,0.00,49.00,51.00,10.00,0.00
3.10,Work,1.00,0.40,0.00,0.00,50.00,50.00,10.00,10.00
3.39,Work,1.00,0.40,0.00,0.00,50.00,50.00,10.00,30.00
3.51,Work,1.00,0.40,0.00,0.00,50.00,50.00,10.00,40.00
3.60,Work,1.00,0.40,0.00,0.00,50.00,50.00,10.00,80.00
3.67,DropOffResource,1.00,0.30,0.00,0.00,50.00,50.00,10.00,100.00
4.93,DropOffResource,1.00,0.30,0.00,0.00,50.00,50.00,10.00,100.00
5.01,DropOffResource,1.00,0.30,0.00,0.00,50.00,50.00,10.00,100.00
5.08,DropOffResource,1.00,0.30,0.00,0.00,51.00,49.00,10.00,100.00
5.14,DropOffResource,1.00,0.30,0.00,0.00,51.00,49.00,10.00,100.00
5.22,DropOffResource,1.00,0.30,0.00,0.00,51.00,49.00,10.00,100.00
5.31,DropOffResource,1.00,0.30,0.00,0.00,51.00,49.00,10.00,100.00
5.40,Work,1.00,0.40,0.00,0.00,51.00,49.00,30.00,30.00
5.98,DropOffResource,1.00,0.30,0.00,0.00,51.00,49.00,30.00,100.00
7.46,DropOffResource,1.00,0.30,0.00,0.00,51.00,49.00,30.00,100.00
7.56,Work,0.99,0.40,0.00,0.00,51.00,49.00,50.00,0.00
11.22,Work,0.99,0.40,0.00,0.00,52.00,48.00,50.00,30.00
11.29,Work,0.99,0.40,0.00,0.00,52.00,48.00,50.00,60.00
11.39,Work,0.99,0.40,0.00,0.00,52.00,48.00,50.00,80.00
11.57,DropOffResource,1.00,0.30,0.00,0.00,52.00,48.00,50.00,100.00
14.05,DropOffResource,1.00,0.30,0.00,0.00,52.00,48.00,50.00,100.00
14.12,DropOffResource,1.00,0.30,0.00,0.00,52.00,48.00,50.00,100.00
14.18,DropOffResource,1.00,0.30,0.00,0.00,52.00,48.00,50.00,100.00
14.31,Work,0.99,0.40,0.00,0.00,52.00,48.00,70.00,10.00
14.89,Work,0.99,0.40,0.00,0.00,52.00,48.00,70.00,40.00
time,actionName,score,cost,distanceCost,totalCost,hunger,sleep,money,inventory0.00,Work,1.00,0.40,0.00,0.00,49.00,51.00,10.00,0.00
3.09,Work,1.00,0.40,0.00,0.00,50.00,50.00,10.00,10.00
3.27,Work,1.00,0.40,0.00,0.00,50.00,50.00,10.00,60.00
3.33,Work,1.00,0.40,0.00,0.00,50.00,50.00,10.00,70.00
3.45,DropOffResource,1.00,0.30,0.00,0.00,50.00,50.00,10.00,100.00
time,actionName,score,cost,distanceCost,totalCost,hunger,sleep,money,inventory0.00,Work,1.00,0.40,0.00,0.00,49.00,51.00,10.00,0.00
3.23,Work,1.00,0.40,0.00,0.00,50.00,50.00,10.00,10.00
3.38,Work,1.00,0.40,0.00,0.00,50.00,50.00,10.00,20.00
3.62,Work,1.00,0.40,0.00,0.00,50.00,50.00,10.00,50.00
3.80,Work,1.00,0.40,0.00,0.00,50.00,50.00,10.00,90.00
4.00,DropOffResource,1.00,0.30,0.00,0.00,50.00,50.00,10.00,100.00
time,actionName,score,cost,distanceCost,totalCost,hunger,sleep,money,inventory0.00,Work,1.00,0.40,0.00,0.00,49.00,51.00,10.00,0.00
3.13,Work,1.00,0.40,0.00,0.00,50.00,50.00,10.00,10.00
3.30,Work,1.00,0.40,0.00,0.00,50.00,50.00,10.00,50.00
3.36,Work,1.00,0.40,0.00,0.00,50.00,50.00,10.00,70.00
3.45,DropOffResource,1.00,0.30,0.00,0.00,50.00,50.00,10.00,100.00
4.57,DropOffResource,1.00,0.30,0.00,0.00,50.00,50.00,10.00,100.00
4.68,Work,1.00,0.40,0.00,0.00,50.00,50.00,30.00,20.00
5.23,DropOffResource,1.00,0.30,0.00,0.00,51.00,49.00,30.00,100.00
7.06,DropOffResource,1.00,0.30,0.00,0.00,51.00,49.00,30.00,100.00
7.19,Work,0.99,0.40,0.00,0.00,51.00,49.00,50.00,0.00
10.81,Work,0.99,0.40,0.00,0.00,52.00,48.00,50.00,10.00
10.96,Work,0.99,0.40,0.00,0.00,52.00,48.00,50.00,30.00
11.03,Work,0.99,0.40,0.00,0.00,52.00,48.00,50.00,70.00
11.13,DropOffResource,1.00,0.30,0.00,0.00,52.00,48.00,50.00,100.00
13.55,DropOffResource,1.00,0.30,0.00,0.00,52.00,48.00,50.00,100.00
13.62,DropOffResource,1.00,0.30,0.00,0.00,52.00,48.00,50.00,100.00
13.68,DropOffResource,1.00,0.30,0.00,0.00,52.00,48.00,50.00,100.00
13.79,Work,0.99,0.40,0.00,0.00,52.00,48.00,70.00,20.00
14.31,Work,0.99,0.40,0.00,0.00,52.00,48.00,70.00,60.00
19.41,Work,0.99,0.40,0.00,0.00,53.00,47.00,70.00,80.00
19.49,DropOffResource,1.00,0.30,0.00,0.00,53.00,47.00,70.00,100.00
time,actionName,score,cost,distanceCost,totalCost,hunger,sleep,money,inventory0.00,Work,1.00,0.40,0.00,0.00,49.00,51.00,10.00,0.00
3.16,Work,1.00,0.40,0.00,0.00,50.00,50.00,10.00,10.00
3.25,Work,1.00,0.40,0.00,0.00,50.00,50.00,10.00,30.00
3.33,Work,1.00,0.40,0.00,0.00,50.00,50.00,10.00,70.00
3.39,Work,1.00,0.40,0.00,0.00,50.00,50.00,10.00,80.00
3.48,DropOffResource,1.00,0.30,0.00,0.00,50.00,50.00,10.00,100.00
4.54,DropOffResource,1.00,0.30,0.00,0.00,50.00,50.00,10.00,100.00
4.61,DropOffResource,1.00,0.30,0.00,0.00,50.00,50.00,10.00,100.00
4.77,Work,1.00,0.40,0.00,0.00,50.00,50.00,30.00,30.00
5.32,DropOffResource,1.00,0.30,0.00,0.00,51.00,49.00,30.00,100.00
7.10,DropOffResource,1.00,0.30,0.00,0.00,51.00,49.00,30.00,100.00
7.20,Work,0.99,0.40,0.00,0.00,51.00,49.00,50.00,0.00
10.93,Work,0.99,0.40,0.00,0.00,52.00,48.00,50.00,30.00
11.12,Work,0.99,0.40,0.00,0.00,52.00,48.00,50.00,50.00
11.18,DropOffResource,1.00,0.30,0.00,0.00,52.00,48.00,50.00,100.00
time,actionName,score,cost,distanceCost,totalCost,hunger,sleep,money,inventory0.00,Work,1.00,0.40,0.00,0.00,49.00,51.00,10.00,0.00
3.20,Work,1.00,0.40,0.00,0.00,50.00,50.00,10.00,10.00
3.34,Work,1.00,0.40,0.00,0.00,50.00,50.00,10.00,20.00
3.39,Work,1.00,0.40,0.00,0.00,50.00,50.00,10.00,30.00
3.48,Work,1.00,0.40,0.00,0.00,50.00,50.00,10.00,50.00
3.53,Work,1.00,0.40,0.00,0.00,50.00,50.00,10.00,90.00
3.61,DropOffResource,1.00,0.30,0.00,0.00,50.00,50.00,10.00,100.00
4.65,DropOffResource,1.00,0.30,0.00,0.00,50.00,50.00,10.00,100.00
4.71,DropOffResource,1.00,0.30,0.00,0.00,50.00,50.00,10.00,100.00
4.77,DropOffResource,1.00,0.30,0.00,0.00,50.00,50.00,10.00,100.00
4.83,DropOffResource,1.00,0.30,0.00,0.00,50.00,50.00,10.00,100.00
4.97,Work,1.00,0.40,0.00,0.00,50.00,50.00,30.00,40.00
5.51,DropOffResource,1.00,0.30,0.00,0.00,51.00,49.00,30.00,100.00
7.18,DropOffResource,1.00,0.30,0.00,0.00,51.00,49.00,30.00,100.00
7.28,Work,0.99,0.40,0.00,0.00,51.00,49.00,50.00,0.00
10.81,Work,0.99,0.40,0.00,0.00,52.00,48.00,50.00,20.00
10.85,Work,0.99,0.40,0.00,0.00,52.00,48.00,50.00,30.00
10.91,Work,0.99,0.40,0.00,0.00,52.00,48.00,50.00,70.00
10.95,Work,0.99,0.40,0.00,0.00,52.00,48.00,50.00,90.00
10.99,DropOffResource,1.00,0.30,0.00,0.00,52.00,48.00,50.00,100.00
time,actionName,score,cost,distanceCost,totalCost,hunger,sleep,money,inventory0.00,Work,1.00,0.40,0.00,0.00,49.00,51.00,10.00,0.00
3.14,Work,0.56,0.40,0.09,0.44,50.00,50.00,10.00,10.00
3.27,Eat,0.71,0.20,0.00,0.00,50.00,50.00,10.00,20.00
3.44,Sleep,0.45,0.10,0.00,0.00,20.00,50.00,0.00,50.00
5.92,Eat,0.26,0.20,0.00,0.20,21.00,49.00,0.00,100.00
6.03,DropOffResource,1.00,0.30,0.00,0.00,21.00,49.00,0.00,100.00
8.81,DropOffResource,0.66,0.30,0.09,0.34,21.00,49.00,0.00,100.00
8.92,Work,0.55,0.40,0.10,0.45,21.00,49.00,20.00,0.00
12.57,Sleep,0.37,0.10,0.26,0.23,22.00,48.00,20.00,30.00
14.10,Eat,0.28,0.20,0.00,0.20,22.00,48.00,20.00,100.00
14.19,Sleep,0.41,0.10,0.09,0.14,22.00,48.00,20.00,100.00
14.30,DropOffResource,0.50,0.30,0.40,0.50,22.00,48.00,20.00,100.00
17.20,Sleep,0.38,0.10,0.27,0.23,23.00,47.00,20.00,100.00
24.01,DropOffResource,0.50,0.30,0.40,0.50,24.00,49.00,20.00,100.00
26.76,DropOffResource,0.66,0.30,0.09,0.34,25.00,100.00,20.00,100.00
26.87,DropOffResource,0.66,0.30,0.09,0.34,25.00,100.00,20.00,100.00
27.00,Eat,0.31,0.20,0.00,0.20,25.00,100.00,20.00,100.00
27.10,Eat,0.31,0.20,0.00,0.20,25.00,100.00,20.00,100.00
27.20,Work,0.55,0.40,0.10,0.45,0.00,100.00,10.00,100.00
30.77,DropOffResource,0.57,0.30,0.26,0.43,1.00,99.00,10.00,100.00
33.30,DropOffResource,0.66,0.30,0.09,0.34,1.00,99.00,10.00,100.00
33.40,DropOffResource,0.66,0.30,0.09,0.34,1.00,99.00,10.00,100.00
33.51,DropOffResource,0.66,0.30,0.09,0.34,1.00,99.00,10.00,100.00
33.61,DropOffResource,0.66,0.30,0.09,0.34,1.00,99.00,10.00,100.00
33.73,Sleep,0.00,0.10,0.28,0.24,1.00,99.00,30.00,60.00
36.81,Work,0.46,0.40,0.28,0.54,2.00,98.00,30.00,90.00
41.11,DropOffResource,0.57,0.30,0.26,0.43,3.00,97.00,30.00,100.00
43.62,DropOffResource,0.66,0.30,0.09,0.34,3.00,97.00,30.00,100.00
time,actionName,score,cost,distanceCost,totalCost,hunger,sleep,money,inventory0.00,Work,1.00,0.40,0.10,0.45,49.00,51.00,10.00,0.00
3.19,Work,1.00,0.40,0.10,0.45,50.00,50.00,10.00,10.00
3.46,Work,1.00,0.40,0.10,0.45,50.00,50.00,10.00,20.00
3.68,Work,1.00,0.40,0.10,0.45,50.00,50.00,10.00,40.00
3.87,Work,1.00,0.40,0.10,0.45,50.00,50.00,10.00,60.00
4.03,Work,1.00,0.40,0.10,0.45,50.00,50.00,10.00,90.00
4.18,DropOffResource,1.00,0.30,0.09,0.34,50.00,50.00,10.00,100.00
5.38,DropOffResource,1.00,0.30,0.09,0.34,51.00,49.00,10.00,100.00
5.54,DropOffResource,1.00,0.30,0.09,0.34,51.00,49.00,10.00,100.00
5.72,Work,1.00,0.40,0.10,0.45,51.00,49.00,30.00,60.00
6.38,DropOffResource,1.00,0.30,0.09,0.34,51.00,49.00,30.00,100.00
8.26,DropOffResource,1.00,0.30,0.09,0.34,51.00,49.00,30.00,100.00
8.43,Work,0.99,0.40,0.10,0.45,51.00,49.00,50.00,0.00
12.10,Work,0.99,0.40,0.10,0.45,52.00,48.00,50.00,10.00
12.22,Work,0.99,0.40,0.10,0.45,52.00,48.00,50.00,30.00
12.34,Work,0.99,0.40,0.10,0.45,52.00,48.00,50.00,70.00
12.47,Work,0.99,0.40,0.10,0.45,52.00,48.00,50.00,90.00
12.60,DropOffResource,1.00,0.30,0.09,0.34,52.00,48.00,50.00,100.00
15.08,DropOffResource,1.00,0.30,0.09,0.34,52.00,48.00,50.00,100.00
15.20,DropOffResource,1.00,0.30,0.09,0.34,52.00,48.00,50.00,100.00
15.31,DropOffResource,1.00,0.30,0.09,0.34,53.00,47.00,50.00,100.00
15.45,Work,0.99,0.40,0.10,0.45,53.00,47.00,70.00,10.00
16.09,Work,0.99,0.40,0.10,0.45,53.00,47.00,70.00,30.00
21.11,Work,0.99,0.40,0.10,0.45,54.00,46.00,70.00,40.00
21.29,DropOffResource,1.00,0.30,0.09,0.34,54.00,46.00,70.00,100.00
23.76,DropOffResource,1.00,0.30,0.09,0.34,54.00,46.00,70.00,100.00
23.86,DropOffResource,1.00,0.30,0.09,0.34,54.00,46.00,70.00,100.00
23.98,DropOffResource,1.00,0.30,0.09,0.34,54.00,46.00,70.00,100.00
24.10,DropOffResource,1.00,0.30,0.09,0.34,54.00,46.00,70.00,100.00
24.19,DropOffResource,1.00,0.30,0.09,0.34,54.00,46.00,70.00,100.00
24.30,Work,0.98,0.40,0.10,0.45,54.00,46.00,90.00,0.00
24.92,Work,0.98,0.40,0.10,0.45,54.00,46.00,90.00,10.00
29.88,Work,0.98,0.40,0.10,0.45,55.00,45.00,90.00,20.00
30.05,DropOffResource,1.00,0.30,0.09,0.34,55.00,45.00,90.00,100.00
32.59,DropOffResource,1.00,0.30,0.09,0.34,56.00,44.00,90.00,100.00
32.72,DropOffResource,1.00,0.30,0.09,0.34,56.00,44.00,90.00,100.00
32.85,DropOffResource,1.00,0.30,0.09,0.34,56.00,44.00,90.00,100.00
32.95,DropOffResource,1.00,0.30,0.09,0.34,56.00,44.00,90.00,100.00
33.05,Work,0.97,0.40,0.10,0.45,56.00,44.00,110.00,10.00
36.74,Work,0.97,0.40,0.10,0.45,57.00,43.00,110.00,20.00
36.86,Work,0.97,0.40,0.10,0.45,57.00,43.00,110.00,70.00
36.96,Work,0.97,0.40,0.10,0.45,57.00,43.00,110.00,90.00
37.06,DropOffResource,1.00,0.30,0.09,0.34,57.00,43.00,110.00,100.00
39.59,DropOffResource,1.00,0.30,0.09,0.34,57.00,43.00,110.00,100.00
39.70,DropOffResource,1.00,0.30,0.09,0.34,57.00,43.00,110.00,100.00
39.80,DropOffResource,1.00,0.30,0.09,0.34,57.00,43.00,110.00,100.00
39.91,Work,0.95,0.40,0.10,0.45,57.00,43.00,130.00,0.00
43.55,Work,0.95,0.40,0.10,0.45,58.00,42.00,130.00,10.00
43.73,DropOffResource,1.00,0.30,0.09,0.34,58.00,42.00,130.00,100.00
46.25,DropOffResource,1.00,0.30,0.09,0.34,59.00,41.00,130.00,100.00
46.35,DropOffResource,1.00,0.30,0.09,0.34,59.00,41.00,130.00,100.00
46.48,Work,0.94,0.40,0.10,0.45,59.00,41.00,150.00,50.00
47.07,Work,0.94,0.40,0.10,0.45,59.00,41.00,150.00,80.00
52.08,DropOffResource,0.95,0.30,0.09,0.34,60.00,40.00,150.00,90.00
54.58,DropOffResource,1.00,0.30,0.09,0.34,60.00,40.00,150.00,100.00
54.69,DropOffResource,1.00,0.30,0.09,0.34,60.00,40.00,150.00,100.00
54.81,Work,0.92,0.40,0.10,0.45,60.00,40.00,170.00,60.00
55.39,DropOffResource,1.00,0.30,0.09,0.34,60.00,40.00,170.00,100.00
57.34,Work,0.91,0.40,0.10,0.45,61.00,39.00,190.00,0.00
60.96,Work,0.91,0.40,0.10,0.45,62.00,38.00,190.00,10.00
61.09,Work,0.91,0.40,0.10,0.45,62.00,38.00,190.00,50.00
61.20,Work,0.91,0.40,0.10,0.45,62.00,38.00,190.00,80.00
61.35,DropOffResource,1.00,0.30,0.09,0.34,62.00,38.00,190.00,100.00
63.94,DropOffResource,1.00,0.30,0.09,0.34,62.00,38.00,190.00,100.00
64.07,DropOffResource,1.00,0.30,0.09,0.34,62.00,38.00,190.00,100.00
64.21,DropOffResource,1.00,0.30,0.09,0.34,62.00,38.00,190.00,100.00
64.32,Work,0.89,0.40,0.10,0.45,62.00,38.00,210.00,10.00
68.02,Work,0.89,0.40,0.10,0.45,63.00,37.00,210.00,40.00
68.16,DropOffResource,0.95,0.30,0.09,0.34,63.00,37.00,210.00,90.00
70.68,DropOffResource,1.00,0.30,0.09,0.34,64.00,36.00,210.00,100.00
70.82,DropOffResource,1.00,0.30,0.09,0.34,64.00,36.00,210.00,100.00
70.94,DropOffResource,1.00,0.30,0.09,0.34,64.00,36.00,210.00,100.00
71.04,DropOffResource,1.00,0.30,0.09,0.34,64.00,36.00,210.00,100.00
71.14,Eat,0.87,0.20,0.00,0.20,64.00,36.00,230.00,0.00
71.26,Work,0.88,0.40,0.10,0.45,34.00,36.00,220.00,10.00
74.94,Work,0.88,0.40,0.10,0.45,34.00,36.00,220.00,30.00
75.11,DropOffResource,0.95,0.30,0.09,0.34,34.00,36.00,220.00,90.00
77.63,DropOffResource,1.00,0.30,0.09,0.34,35.00,35.00,220.00,100.00
77.77,DropOffResource,1.00,0.30,0.09,0.34,35.00,35.00,220.00,100.00
77.88,DropOffResource,1.00,0.30,0.09,0.34,35.00,35.00,220.00,100.00
77.99,DropOffResource,1.00,0.30,0.09,0.34,35.00,35.00,220.00,100.00
78.11,Work,0.85,0.40,0.10,0.45,35.00,35.00,240.00,10.00
81.72,Work,0.85,0.40,0.10,0.45,36.00,34.00,240.00,20.00
81.87,Work,0.85,0.40,0.10,0.45,36.00,34.00,240.00,70.00
82.04,DropOffResource,1.00,0.30,0.09,0.34,36.00,34.00,240.00,100.00
84.50,DropOffResource,1.00,0.30,0.09,0.34,36.00,34.00,240.00,100.00
84.62,DropOffResource,1.00,0.30,0.09,0.34,36.00,34.00,240.00,100.00
84.77,Work,0.83,0.40,0.10,0.45,36.00,34.00,260.00,40.00
85.36,Work,0.83,0.40,0.10,0.45,36.00,34.00,260.00,60.00
90.41,Work,0.83,0.40,0.10,0.45,37.00,33.00,260.00,70.00
90.59,DropOffResource,1.00,0.30,0.09,0.34,37.00,33.00,260.00,100.00
93.08,DropOffResource,1.00,0.30,0.09,0.34,38.00,32.00,260.00,100.00
93.20,DropOffResource,1.00,0.30,0.09,0.34,38.00,32.00,260.00,100.00
93.31,DropOffResource,1.00,0.30,0.09,0.34,38.00,32.00,260.00,100.00
93.45,Work,0.81,0.40,0.10,0.45,38.00,32.00,280.00,50.00
94.04,Work,0.81,0.40,0.10,0.45,38.00,32.00,280.00,60.00
99.05,Work,0.81,0.40,0.10,0.45,39.00,31.00,280.00,70.00
99.20,DropOffResource,1.00,0.30,0.09,0.34,39.00,31.00,280.00,100.00
101.73,DropOffResource,1.00,0.30,0.09,0.34,40.00,30.00,280.00,100.00
101.85,DropOffResource,1.00,0.30,0.09,0.34,40.00,30.00,280.00,100.00
101.95,DropOffResource,1.00,0.30,0.09,0.34,40.00,30.00,280.00,100.00
102.05,DropOffResource,1.00,0.30,0.09,0.34,40.00,30.00,280.00,100.00
102.15,DropOffResource,1.00,0.30,0.09,0.34,40.00,30.00,280.00,100.00
102.26,Sleep,0.78,0.10,0.28,0.24,40.00,30.00,300.00,10.00
108.36,Sleep,0.78,0.10,0.28,0.24,41.00,30.00,300.00,10.00
108.51,Work,0.78,0.40,0.10,0.45,41.00,35.00,300.00,10.00
109.95,Work,0.78,0.40,0.10,0.45,41.00,100.00,300.00,10.00
110.05,Work,0.78,0.40,0.10,0.45,41.00,100.00,300.00,10.00
110.15,Work,0.78,0.40,0.10,0.45,41.00,100.00,300.00,10.00
110.25,Work,0.78,0.40,0.10,0.45,41.00,100.00,300.00,10.00
110.36,Work,0.78,0.40,0.10,0.45,41.00,100.00,300.00,10.00
110.45,Work,0.78,0.40,0.10,0.45,41.00,100.00,300.00,10.00
110.57,Work,0.78,0.40,0.10,0.45,41.00,100.00,300.00,10.00
110.69,Work,0.78,0.40,0.10,0.45,41.00,100.00,300.00,10.00
110.80,Work,0.78,0.40,0.10,0.45,41.00,100.00,300.00,10.00
110.86,Work,0.78,0.40,0.10,0.45,41.00,100.00,300.00,10.00
110.97,Work,0.78,0.40,0.10,0.45,41.00,100.00,300.00,10.00
111.10,Work,0.78,0.40,0.10,0.45,42.00,100.00,300.00,10.00
111.21,Work,0.78,0.40,0.10,0.45,42.00,100.00,300.00,10.00
111.31,Work,0.78,0.40,0.10,0.45,42.00,100.00,300.00,10.00
111.42,Work,0.78,0.40,0.10,0.45,42.00,100.00,300.00,10.00
113.61,Work,0.78,0.40,0.10,0.45,42.00,100.00,300.00,30.00
113.78,Work,0.78,0.40,0.10,0.45,42.00,100.00,300.00,40.00
113.92,Work,0.78,0.40,0.10,0.45,42.00,100.00,300.00,60.00
114.43,Work,0.78,0.40,0.10,0.45,42.00,100.00,300.00,70.00
114.58,DropOffResource,0.95,0.30,0.09,0.34,42.00,100.00,300.00,90.00
117.08,DropOffResource,1.00,0.30,0.09,0.34,43.00,99.00,300.00,100.00
117.18,DropOffResource,1.00,0.30,0.09,0.34,43.00,99.00,300.00,100.00
117.30,DropOffResource,0.95,0.30,0.09,0.34,43.00,99.00,320.00,90.00
117.41,DropOffResource,1.00,0.30,0.09,0.34,43.00,99.00,320.00,100.00
117.50,DropOffResource,1.00,0.30,0.09,0.34,43.00,99.00,320.00,100.00
117.61,Work,0.73,0.40,0.10,0.45,43.00,99.00,340.00,10.00
121.19,Work,0.73,0.40,0.10,0.45,44.00,98.00,340.00,20.00
121.32,Work,0.73,0.40,0.10,0.45,44.00,98.00,340.00,50.00
121.44,DropOffResource,0.95,0.30,0.09,0.34,44.00,98.00,340.00,90.00
123.94,DropOffResource,1.00,0.30,0.09,0.34,44.00,98.00,340.00,100.00
124.05,DropOffResource,1.00,0.30,0.09,0.34,44.00,98.00,340.00,100.00
124.15,DropOffResource,1.00,0.30,0.09,0.34,44.00,98.00,340.00,100.00
124.25,DropOffResource,1.00,0.30,0.09,0.34,44.00,98.00,340.00,100.00
124.37,Work,0.70,0.40,0.10,0.45,44.00,98.00,360.00,10.00
128.03,Work,0.70,0.40,0.10,0.45,45.00,97.00,360.00,30.00
128.16,Work,0.70,0.40,0.10,0.45,45.00,97.00,360.00,60.00
128.26,DropOffResource,1.00,0.30,0.09,0.34,45.00,97.00,360.00,100.00
130.84,DropOffResource,1.00,0.30,0.09,0.34,45.00,97.00,360.00,100.00
130.95,DropOffResource,1.00,0.30,0.09,0.34,45.00,97.00,360.00,100.00
131.07,DropOffResource,1.00,0.30,0.09,0.34,45.00,97.00,360.00,100.00
131.17,DropOffResource,1.00,0.30,0.09,0.34,45.00,97.00,360.00,100.00
131.28,Eat,0.71,0.20,0.00,0.20,46.00,96.00,380.00,0.00
131.38,Work,0.69,0.40,0.10,0.45,16.00,96.00,370.00,0.00
135.08,Work,0.69,0.40,0.10,0.45,16.00,96.00,370.00,10.00
135.21,Work,0.69,0.40,0.10,0.45,16.00,96.00,370.00,40.00
135.38,Work,0.69,0.40,0.10,0.45,16.00,96.00,370.00,70.00
135.51,DropOffResource,1.00,0.30,0.09,0.34,16.00,96.00,370.00,100.00
137.99,DropOffResource,1.00,0.30,0.09,0.34,17.00,95.00,370.00,100.00
138.11,DropOffResource,1.00,0.30,0.09,0.34,17.00,95.00,370.00,100.00
138.24,Work,0.66,0.40,0.10,0.45,17.00,95.00,390.00,0.00
141.93,Work,0.66,0.40,0.10,0.45,18.00,94.00,390.00,40.00
142.08,Work,0.66,0.40,0.10,0.45,18.00,94.00,390.00,70.00
142.22,DropOffResource,1.00,0.30,0.09,0.34,18.00,94.00,390.00,100.00
144.74,DropOffResource,1.00,0.30,0.09,0.34,18.00,94.00,390.00,100.00
144.84,DropOffResource,1.00,0.30,0.09,0.34,18.00,94.00,390.00,100.00
144.95,DropOffResource,1.00,0.30,0.09,0.34,18.00,94.00,390.00,100.00
145.06,Work,0.63,0.40,0.10,0.45,18.00,94.00,410.00,0.00
148.72,Work,0.63,0.40,0.10,0.45,19.00,93.00,410.00,10.00
148.86,DropOffResource,0.83,0.30,0.09,0.34,19.00,93.00,410.00,80.00
151.42,DropOffResource,1.00,0.30,0.09,0.34,19.00,93.00,410.00,100.00
151.55,DropOffResource,1.00,0.30,0.09,0.34,20.00,92.00,410.00,100.00
151.66,DropOffResource,1.00,0.30,0.09,0.34,20.00,92.00,410.00,100.00
151.78,Work,0.60,0.40,0.10,0.45,20.00,92.00,430.00,20.00
152.40,Work,0.60,0.40,0.10,0.45,20.00,92.00,430.00,30.00
157.41,Work,0.60,0.40,0.10,0.45,21.00,91.00,430.00,40.00
157.58,DropOffResource,0.83,0.30,0.09,0.34,21.00,91.00,430.00,80.00
160.13,DropOffResource,1.00,0.30,0.09,0.34,21.00,91.00,430.00,100.00
160.24,DropOffResource,1.00,0.30,0.09,0.34,21.00,91.00,430.00,100.00
160.36,DropOffResource,1.00,0.30,0.09,0.34,21.00,91.00,430.00,100.00
160.47,DropOffResource,1.00,0.30,0.09,0.34,21.00,91.00,430.00,100.00
160.57,DropOffResource,1.00,0.30,0.09,0.34,21.00,91.00,430.00,100.00
160.70,Work,0.57,0.40,0.10,0.45,21.00,91.00,450.00,0.00
164.32,Work,0.57,0.40,0.10,0.45,22.00,90.00,450.00,10.00
164.47,Work,0.57,0.40,0.10,0.45,22.00,90.00,450.00,30.00
164.58,DropOffResource,0.95,0.30,0.09,0.34,22.00,90.00,450.00,90.00
167.02,DropOffResource,1.00,0.30,0.09,0.34,23.00,89.00,450.00,100.00
167.14,DropOffResource,1.00,0.30,0.09,0.34,23.00,89.00,450.00,100.00
167.25,DropOffResource,1.00,0.30,0.09,0.34,23.00,89.00,450.00,100.00
167.37,DropOffResource,1.00,0.30,0.09,0.34,23.00,89.00,450.00,100.00
167.51,Work,0.54,0.40,0.10,0.45,23.00,89.00,470.00,10.00
168.11,Work,0.54,0.40,0.10,0.45,23.00,89.00,470.00,20.00
173.11,Work,0.54,0.40,0.10,0.45,24.00,88.00,470.00,30.00
173.26,DropOffResource,0.95,0.30,0.09,0.34,24.00,88.00,470.00,90.00
175.77,DropOffResource,1.00,0.30,0.09,0.34,24.00,88.00,470.00,100.00
175.88,DropOffResource,1.00,0.30,0.09,0.34,24.00,88.00,470.00,100.00
175.99,DropOffResource,1.00,0.30,0.09,0.34,24.00,88.00,470.00,100.00
176.10,DropOffResource,1.00,0.30,0.09,0.34,24.00,88.00,470.00,100.00
176.22,DropOffResource,1.00,0.30,0.09,0.34,24.00,88.00,470.00,100.00
176.33,Work,0.51,0.40,0.10,0.45,24.00,88.00,490.00,10.00
179.87,Work,0.51,0.40,0.10,0.45,25.00,87.00,490.00,20.00
180.02,Work,0.51,0.40,0.10,0.45,25.00,87.00,490.00,30.00
180.17,DropOffResource,0.95,0.30,0.09,0.34,25.00,87.00,490.00,90.00
182.64,DropOffResource,1.00,0.30,0.09,0.34,26.00,86.00,490.00,100.00
182.74,DropOffResource,1.00,0.30,0.09,0.34,26.00,86.00,490.00,100.00
182.85,DropOffResource,1.00,0.30,0.09,0.34,26.00,86.00,490.00,100.00
182.95,DropOffResource,1.00,0.30,0.09,0.34,26.00,86.00,490.00,100.00
183.07,Work,0.49,0.40,0.10,0.45,26.00,86.00,510.00,20.00
183.64,Work,0.49,0.40,0.10,0.45,26.00,86.00,510.00,30.00
time,actionName,score,cost,distanceCost,totalCost,hunger,sleep,money,inventory0.00,Work,1.00,0.40,0.00,0.00,49.00,51.00,10.00,0.00
3.20,Work,1.00,0.40,0.00,0.00,50.00,50.00,10.00,10.00
3.46,Work,1.00,0.40,0.00,0.00,50.00,50.00,10.00,40.00
3.52,Work,1.00,0.40,0.00,0.00,50.00,50.00,10.00,70.00
3.89,DropOffResource,1.00,0.30,0.00,0.00,50.00,50.00,10.00,100.00
5.04,DropOffResource,1.00,0.30,0.00,0.00,50.00,50.00,10.00,100.00
5.17,Work,1.00,0.40,0.00,0.00,51.00,49.00,30.00,0.00
5.72,DropOffResource,1.00,0.30,0.00,0.00,51.00,49.00,30.00,100.00
7.41,DropOffResource,1.00,0.30,0.00,0.00,51.00,49.00,30.00,100.00
7.54,Work,0.99,0.40,0.00,0.00,51.00,49.00,50.00,0.00
11.19,Work,0.99,0.40,0.00,0.00,52.00,48.00,50.00,10.00
11.28,Work,0.99,0.40,0.00,0.00,52.00,48.00,50.00,40.00
11.37,Work,0.99,0.40,0.00,0.00,52.00,48.00,50.00,50.00
11.49,DropOffResource,1.00,0.30,0.00,0.00,52.00,48.00,50.00,100.00
13.97,DropOffResource,1.00,0.30,0.00,0.00,52.00,48.00,50.00,100.00
14.10,DropOffResource,1.00,0.30,0.00,0.00,52.00,48.00,50.00,100.00
14.19,DropOffResource,1.00,0.30,0.00,0.00,52.00,48.00,50.00,100.00
14.29,DropOffResource,1.00,0.30,0.00,0.00,52.00,48.00,50.00,100.00
14.40,Work,0.99,0.40,0.00,0.00,52.00,48.00,70.00,0.00
18.17,Work,0.99,0.40,0.00,0.00,53.00,47.00,70.00,40.00
18.26,Work,0.99,0.40,0.00,0.00,53.00,47.00,70.00,70.00
18.43,DropOffResource,1.00,0.30,0.00,0.00,53.00,47.00,70.00,100.00
20.98,DropOffResource,1.00,0.30,0.00,0.00,54.00,46.00,70.00,100.00
21.14,Work,0.98,0.40,0.00,0.00,54.00,46.00,90.00,20.00
21.72,Work,0.98,0.40,0.00,0.00,54.00,46.00,90.00,30.00
26.86,Work,0.98,0.40,0.00,0.00,55.00,45.00,90.00,50.00
27.55,DropOffResource,1.00,0.30,0.00,0.00,55.00,45.00,90.00,100.00
30.19,DropOffResource,1.00,0.30,0.00,0.00,55.00,45.00,90.00,100.00
30.30,Work,0.97,0.40,0.00,0.00,55.00,45.00,110.00,30.00
30.90,Work,0.97,0.40,0.00,0.00,56.00,44.00,110.00,80.00
36.02,DropOffResource,1.00,0.30,0.00,0.00,57.00,43.00,110.00,100.00
38.56,DropOffResource,1.00,0.30,0.00,0.00,57.00,43.00,110.00,100.00
38.67,DropOffResource,1.00,0.30,0.00,0.00,57.00,43.00,110.00,100.00
38.76,DropOffResource,1.00,0.30,0.00,0.00,57.00,43.00,110.00,100.00
38.85,DropOffResource,1.00,0.30,0.00,0.00,57.00,43.00,110.00,100.00
38.96,Work,0.95,0.40,0.00,0.00,57.00,43.00,130.00,40.00
39.54,Work,0.95,0.40,0.00,0.00,57.00,43.00,130.00,50.00
44.68,Work,0.95,0.40,0.00,0.00,58.00,42.00,130.00,70.00
44.88,DropOffResource,1.00,0.30,0.00,0.00,58.00,42.00,130.00,100.00
47.40,DropOffResource,1.00,0.30,0.00,0.00,59.00,41.00,130.00,100.00
47.55,Work,0.94,0.40,0.00,0.00,59.00,41.00,150.00,30.00
48.12,Work,0.94,0.40,0.00,0.00,59.00,41.00,150.00,80.00
53.26,DropOffResource,1.00,0.30,0.00,0.00,60.00,40.00,150.00,100.00
55.77,DropOffResource,1.00,0.30,0.00,0.00,61.00,39.00,150.00,100.00
55.90,Work,0.92,0.40,0.00,0.00,61.00,39.00,170.00,10.00
56.55,DropOffResource,1.00,0.30,0.00,0.00,61.00,39.00,170.00,100.00
58.29,Work,0.91,0.40,0.00,0.00,61.00,39.00,190.00,0.00
62.04,Work,0.91,0.40,0.00,0.00,62.00,38.00,190.00,30.00
62.19,Work,0.91,0.40,0.00,0.00,62.00,38.00,190.00,50.00
62.27,DropOffResource,0.95,0.30,0.00,0.00,62.00,38.00,190.00,90.00
64.81,DropOffResource,1.00,0.30,0.00,0.00,62.00,38.00,190.00,100.00
64.90,DropOffResource,1.00,0.30,0.00,0.00,62.00,38.00,190.00,100.00
65.00,DropOffResource,1.00,0.30,0.00,0.00,62.00,38.00,190.00,100.00
65.08,DropOffResource,1.00,0.30,0.00,0.00,62.00,38.00,190.00,100.00
65.23,Work,0.89,0.40,0.00,0.00,62.00,38.00,210.00,0.00
68.90,Work,0.89,0.40,0.00,0.00,63.00,37.00,210.00,10.00
69.01,Work,0.89,0.40,0.00,0.00,63.00,37.00,210.00,40.00
69.11,Work,0.89,0.40,0.00,0.00,63.00,37.00,210.00,60.00
69.22,Work,0.89,0.40,0.00,0.00,63.00,37.00,210.00,80.00
69.32,DropOffResource,1.00,0.30,0.00,0.00,63.00,37.00,210.00,100.00
71.81,DropOffResource,1.00,0.30,0.00,0.00,64.00,36.00,210.00,100.00
71.91,DropOffResource,1.00,0.30,0.00,0.00,64.00,36.00,210.00,100.00
72.04,Eat,0.87,0.20,0.00,0.00,64.00,36.00,230.00,0.00
72.16,Work,0.88,0.40,0.00,0.00,34.00,36.00,220.00,0.00
75.87,Work,0.88,0.40,0.00,0.00,34.00,36.00,220.00,20.00
75.97,Work,0.88,0.40,0.00,0.00,35.00,35.00,220.00,40.00
76.08,Work,0.88,0.40,0.00,0.00,35.00,35.00,220.00,80.00
76.21,DropOffResource,1.00,0.30,0.00,0.00,35.00,35.00,220.00,100.00
78.67,DropOffResource,1.00,0.30,0.00,0.00,35.00,35.00,220.00,100.00
78.89,Work,0.85,0.40,0.00,0.00,35.00,35.00,240.00,50.00
79.46,Work,0.85,0.40,0.00,0.00,35.00,35.00,240.00,60.00
84.71,Work,0.85,0.40,0.00,0.00,36.00,34.00,240.00,80.00
84.86,DropOffResource,1.00,0.30,0.00,0.00,36.00,34.00,240.00,100.00
87.35,DropOffResource,1.00,0.30,0.00,0.00,37.00,33.00,240.00,100.00
87.49,DropOffResource,1.00,0.30,0.00,0.00,37.00,33.00,240.00,100.00
87.56,DropOffResource,1.00,0.30,0.00,0.00,37.00,33.00,240.00,100.00
87.71,Work,0.83,0.40,0.00,0.00,37.00,33.00,260.00,30.00
88.28,Work,0.83,0.40,0.00,0.00,37.00,33.00,260.00,50.00
93.44,Work,0.83,0.40,0.00,0.00,38.00,32.00,260.00,70.00
93.55,DropOffResource,0.95,0.30,0.00,0.00,38.00,32.00,260.00,90.00
96.08,DropOffResource,1.00,0.30,0.00,0.00,38.00,32.00,260.00,100.00
96.24,Work,0.81,0.40,0.00,0.00,38.00,32.00,280.00,30.00
96.80,DropOffResource,0.95,0.30,0.00,0.00,39.00,31.00,280.00,90.00
98.35,Work,0.78,0.40,0.00,0.00,39.00,31.00,300.00,0.00
102.15,Sleep,0.78,0.10,0.00,0.00,40.00,30.00,300.00,10.00
103.95,DropOffResource,1.00,0.30,0.00,0.00,40.00,30.00,300.00,100.00
110.01,DropOffResource,1.00,0.30,0.00,0.00,41.00,29.00,300.00,100.00
110.26,Sleep,0.80,0.10,0.00,0.00,41.00,29.00,320.00,0.00
116.54,Sleep,0.78,0.10,0.00,0.00,42.00,30.00,320.00,0.00
116.66,Sleep,0.76,0.10,0.00,0.00,42.00,32.00,320.00,0.00
116.74,Work,0.76,0.40,0.00,0.00,42.00,38.00,320.00,0.00
118.11,Work,0.76,0.40,0.00,0.00,43.00,72.00,320.00,0.00
118.22,Work,0.76,0.40,0.00,0.00,43.00,75.00,320.00,0.00
118.30,Work,0.76,0.40,0.00,0.00,43.00,77.00,320.00,0.00
118.49,Work,0.76,0.40,0.00,0.00,43.00,81.00,320.00,0.00
118.56,Work,0.76,0.40,0.00,0.00,43.00,83.00,320.00,0.00
118.67,Work,0.76,0.40,0.00,0.00,43.00,84.00,320.00,0.00
118.74,Work,0.76,0.40,0.00,0.00,43.00,87.00,320.00,0.00
118.91,Work,0.76,0.40,0.00,0.00,43.00,92.00,320.00,0.00
118.98,Work,0.76,0.40,0.00,0.00,43.00,94.00,320.00,0.00
119.05,Work,0.76,0.40,0.00,0.00,43.00,97.00,320.00,0.00
119.17,Work,0.76,0.40,0.00,0.00,43.00,100.00,320.00,0.00
119.31,Work,0.76,0.40,0.00,0.00,43.00,100.00,320.00,0.00
119.40,Work,0.76,0.40,0.00,0.00,43.00,100.00,320.00,0.00
119.47,Work,0.76,0.40,0.00,0.00,43.00,100.00,320.00,0.00
119.59,Work,0.76,0.40,0.00,0.00,43.00,100.00,320.00,0.00
121.52,Work,0.76,0.40,0.00,0.00,43.00,100.00,320.00,10.00
121.93,Work,0.76,0.40,0.00,0.00,43.00,100.00,320.00,20.00
122.23,Work,0.76,0.40,0.00,0.00,44.00,99.00,320.00,30.00
122.38,Work,0.76,0.40,0.00,0.00,44.00,99.00,320.00,40.00
122.66,Work,0.76,0.40,0.00,0.00,44.00,99.00,320.00,50.00
122.80,Work,0.76,0.40,0.00,0.00,44.00,99.00,320.00,70.00
122.90,DropOffResource,1.00,0.30,0.00,0.00,44.00,99.00,320.00,100.00
125.43,DropOffResource,1.00,0.30,0.00,0.00,44.00,99.00,320.00,100.00
125.58,Work,0.73,0.40,0.00,0.00,44.00,99.00,340.00,20.00
126.12,Work,0.73,0.40,0.00,0.00,44.00,99.00,340.00,60.00
131.32,DropOffResource,0.95,0.30,0.00,0.00,45.00,98.00,340.00,90.00
133.87,DropOffResource,1.00,0.30,0.00,0.00,46.00,97.00,340.00,100.00
133.95,DropOffResource,1.00,0.30,0.00,0.00,46.00,97.00,340.00,100.00
134.14,Eat,0.71,0.20,0.00,0.00,46.00,97.00,360.00,30.00
134.21,Eat,0.71,0.20,0.00,0.00,46.00,97.00,360.00,60.00
134.36,DropOffResource,0.95,0.30,0.00,0.00,16.00,97.00,350.00,90.00
134.49,Work,0.69,0.40,0.00,0.00,16.00,97.00,370.00,0.00
138.27,Work,0.69,0.40,0.00,0.00,17.00,96.00,370.00,40.00
138.36,Work,0.69,0.40,0.00,0.00,17.00,96.00,370.00,60.00
138.52,DropOffResource,1.00,0.30,0.00,0.00,17.00,96.00,370.00,100.00
140.96,DropOffResource,1.00,0.30,0.00,0.00,17.00,96.00,370.00,100.00
141.07,DropOffResource,1.00,0.30,0.00,0.00,17.00,96.00,370.00,100.00
141.15,DropOffResource,1.00,0.30,0.00,0.00,17.00,96.00,370.00,100.00
141.23,DropOffResource,1.00,0.30,0.00,0.00,17.00,96.00,370.00,100.00
141.33,DropOffResource,1.00,0.30,0.00,0.00,17.00,96.00,370.00,100.00
141.44,Work,0.66,0.40,0.00,0.00,17.00,96.00,390.00,0.00
145.11,Work,0.66,0.40,0.00,0.00,18.00,95.00,390.00,10.00
145.20,Work,0.66,0.40,0.00,0.00,18.00,95.00,390.00,50.00
145.36,Work,0.66,0.40,0.00,0.00,18.00,95.00,390.00,70.00
145.47,DropOffResource,1.00,0.30,0.00,0.00,18.00,95.00,390.00,100.00
147.98,DropOffResource,1.00,0.30,0.00,0.00,19.00,94.00,390.00,100.00
148.08,DropOffResource,1.00,0.30,0.00,0.00,19.00,94.00,390.00,100.00
148.17,DropOffResource,1.00,0.30,0.00,0.00,19.00,94.00,390.00,100.00
148.29,Work,0.63,0.40,0.00,0.00,19.00,94.00,410.00,0.00
148.86,Work,0.63,0.40,0.00,0.00,19.00,94.00,410.00,10.00
154.00,Work,0.63,0.40,0.00,0.00,20.00,93.00,410.00,30.00
154.13,Work,0.63,0.40,0.00,0.00,20.00,93.00,410.00,60.00
154.28,DropOffResource,1.00,0.30,0.00,0.00,20.00,93.00,410.00,100.00
156.83,DropOffResource,1.00,0.30,0.00,0.00,20.00,93.00,410.00,100.00
156.94,DropOffResource,1.00,0.30,0.00,0.00,20.00,93.00,410.00,100.00
157.06,DropOffResource,1.00,0.30,0.00,0.00,20.00,93.00,410.00,100.00
157.19,Work,0.60,0.40,0.00,0.00,20.00,93.00,430.00,10.00
157.77,Work,0.60,0.40,0.00,0.00,21.00,92.00,430.00,20.00
162.98,Work,0.60,0.40,0.00,0.00,22.00,91.00,430.00,60.00
163.09,DropOffResource,0.83,0.30,0.00,0.00,22.00,91.00,430.00,80.00
165.59,DropOffResource,1.00,0.30,0.00,0.00,22.00,91.00,430.00,100.00
165.67,DropOffResource,1.00,0.30,0.00,0.00,22.00,91.00,430.00,100.00
165.75,DropOffResource,1.00,0.30,0.00,0.00,22.00,91.00,430.00,100.00
165.87,DropOffResource,1.00,0.30,0.00,0.00,22.00,91.00,430.00,100.00
165.97,Work,0.57,0.40,0.00,0.00,22.00,91.00,450.00,20.00
169.66,Work,0.57,0.40,0.00,0.00,23.00,90.00,450.00,50.00
169.85,DropOffResource,0.65,0.30,0.00,0.00,23.00,90.00,450.00,70.00
172.31,DropOffResource,1.00,0.30,0.00,0.00,23.00,90.00,450.00,100.00
172.39,DropOffResource,1.00,0.30,0.00,0.00,23.00,90.00,450.00,100.00
172.48,DropOffResource,1.00,0.30,0.00,0.00,23.00,90.00,450.00,100.00
172.62,Work,0.54,0.40,0.00,0.00,24.00,89.00,470.00,30.00
173.20,DropOffResource,0.65,0.30,0.00,0.00,24.00,89.00,470.00,70.00
174.78,Work,0.51,0.40,0.00,0.00,24.00,89.00,490.00,0.00
178.44,Work,0.51,0.40,0.00,0.00,25.00,88.00,490.00,20.00
178.55,Work,0.51,0.40,0.00,0.00,25.00,88.00,490.00,50.00
178.64,DropOffResource,0.83,0.30,0.00,0.00,25.00,88.00,490.00,80.00
181.18,DropOffResource,1.00,0.30,0.00,0.00,25.00,88.00,490.00,100.00
181.26,DropOffResource,1.00,0.30,0.00,0.00,25.00,88.00,490.00,100.00
181.43,Work,0.49,0.40,0.00,0.00,25.00,88.00,510.00,40.00
182.03,Work,0.49,0.40,0.00,0.00,25.00,88.00,510.00,50.00
187.11,DropOffResource,0.65,0.30,0.00,0.00,26.00,87.00,510.00,70.00
189.51,DropOffResource,1.00,0.30,0.00,0.00,27.00,86.00,510.00,100.00
189.59,DropOffResource,1.00,0.30,0.00,0.00,27.00,86.00,510.00,100.00
189.67,DropOffResource,1.00,0.30,0.00,0.00,27.00,86.00,510.00,100.00
189.77,DropOffResource,1.00,0.30,0.00,0.00,27.00,86.00,510.00,100.00
189.87,DropOffResource,1.00,0.30,0.00,0.00,27.00,86.00,510.00,100.00
189.97,DropOffResource,1.00,0.30,0.00,0.00,27.00,86.00,510.00,100.00
190.05,DropOffResource,1.00,0.30,0.00,0.00,27.00,86.00,510.00,100.00
190.19,Eat,0.47,0.20,0.00,0.00,27.00,86.00,530.00,20.00
190.32,Work,0.47,0.40,0.00,0.00,0.00,86.00,520.00,20.00
195.98,Work,0.47,0.40,0.00,0.00,1.00,85.00,520.00,30.00
196.14,DropOffResource,0.95,0.30,0.00,0.00,1.00,85.00,520.00,90.00
198.66,DropOffResource,1.00,0.30,0.00,0.00,2.00,84.00,520.00,100.00
198.76,DropOffResource,1.00,0.30,0.00,0.00,2.00,84.00,520.00,100.00
198.87,Work,0.44,0.40,0.00,0.00,2.00,84.00,540.00,20.00
199.46,DropOffResource,0.65,0.30,0.00,0.00,2.00,84.00,540.00,70.00
201.05,Work,0.41,0.40,0.00,0.00,2.00,84.00,560.00,0.00
204.82,Work,0.41,0.40,0.00,0.00,3.00,83.00,560.00,20.00
204.94,DropOffResource,0.65,0.30,0.00,0.00,3.00,83.00,560.00,70.00
207.50,DropOffResource,1.00,0.30,0.00,0.00,3.00,83.00,560.00,100.00
207.60,DropOffResource,1.00,0.30,0.00,0.00,3.00,83.00,560.00,100.00
207.76,Work,0.38,0.40,0.00,0.00,3.00,83.00,580.00,40.00
211.41,Work,0.38,0.40,0.00,0.00,4.00,82.00,580.00,50.00
211.49,DropOffResource,0.83,0.30,0.00,0.00,4.00,82.00,580.00,80.00
213.97,DropOffResource,1.00,0.30,0.00,0.00,5.00,81.00,580.00,100.00
214.06,DropOffResource,1.00,0.30,0.00,0.00,5.00,81.00,580.00,100.00
214.15,DropOffResource,1.00,0.30,0.00,0.00,5.00,81.00,580.00,100.00
214.26,DropOffResource,1.00,0.30,0.00,0.00,5.00,81.00,580.00,100.00
214.37,Work,0.35,0.40,0.00,0.00,5.00,81.00,600.00,30.00
214.97,Work,0.35,0.40,0.00,0.00,5.00,81.00,600.00,40.00
220.07,DropOffResource,0.47,0.30,0.00,0.00,6.00,80.00,600.00,60.00
222.57,DropOffResource,1.00,0.30,0.00,0.00,6.00,80.00,600.00,100.00
222.72,Work,0.32,0.40,0.00,0.00,6.00,80.00,620.00,40.00
223.33,DropOffResource,1.00,0.30,0.00,0.00,7.00,79.00,620.00,100.00
224.98,Work,0.30,0.40,0.00,0.00,7.00,79.00,640.00,0.00
228.76,Work,0.30,0.40,0.00,0.00,8.00,78.00,640.00,20.00
228.93,Work,0.30,0.40,0.00,0.00,8.00,78.00,640.00,40.00
229.04,DropOffResource,0.95,0.30,0.00,0.00,8.00,78.00,640.00,90.00
231.67,DropOffResource,1.00,0.30,0.00,0.00,8.00,78.00,640.00,100.00
231.79,DropOffResource,1.00,0.30,0.00,0.00,8.00,78.00,640.00,100.00
231.87,DropOffResource,1.00,0.30,0.00,0.00,8.00,78.00,640.00,100.00
232.02,Work,0.27,0.40,0.00,0.00,8.00,78.00,660.00,0.00
235.74,Work,0.27,0.40,0.00,0.00,9.00,77.00,660.00,30.00
235.86,DropOffResource,0.30,0.30,0.00,0.00,9.00,77.00,660.00,50.00
238.45,DropOffResource,1.00,0.30,0.00,0.00,10.00,76.00,660.00,100.00
238.62,Work,0.24,0.40,0.00,0.00,10.00,76.00,680.00,30.00
239.19,DropOffResource,0.47,0.30,0.00,0.00,10.00,76.00,680.00,60.00
240.78,Work,0.22,0.40,0.00,0.00,10.00,76.00,700.00,0.00
244.47,Work,0.22,0.40,0.00,0.00,11.00,75.00,700.00,20.00
244.63,DropOffResource,0.30,0.30,0.00,0.00,11.00,75.00,700.00,50.00
247.20,DropOffResource,1.00,0.30,0.00,0.00,11.00,75.00,700.00,100.00
247.35,Eat,0.21,0.20,0.00,0.00,11.00,75.00,720.00,40.00
247.47,DropOffResource,0.65,0.30,0.00,0.00,0.00,75.00,710.00,70.00
247.59,DropOffResource,0.95,0.30,0.00,0.00,0.00,75.00,710.00,90.00
247.69,Work,0.18,0.40,0.00,0.00,0.00,75.00,730.00,0.00
251.43,Work,0.18,0.40,0.00,0.00,1.00,74.00,730.00,30.00
251.53,DropOffResource,0.47,0.30,0.00,0.00,1.00,74.00,730.00,60.00
254.03,DropOffResource,1.00,0.30,0.00,0.00,2.00,73.00,730.00,100.00
254.20,Sleep,0.18,0.10,0.00,0.00,2.00,73.00,750.00,40.00
257.29,DropOffResource,1.00,0.30,0.00,0.00,2.00,73.00,750.00,100.00
259.89,Sleep,0.19,0.10,0.00,0.00,3.00,72.00,770.00,0.00
266.42,Sleep,0.19,0.10,0.00,0.00,4.00,72.00,770.00,0.00
266.52,Sleep,0.16,0.10,0.00,0.00,4.00,75.00,770.00,0.00
266.67,Sleep,0.15,0.10,0.00,0.00,4.00,76.00,770.00,0.00
266.79,Work,0.13,0.40,0.00,0.00,4.00,83.00,770.00,0.00
268.19,Work,0.13,0.40,0.00,0.00,4.00,100.00,770.00,0.00
268.28,Work,0.13,0.40,0.00,0.00,4.00,100.00,770.00,0.00
268.35,Work,0.13,0.40,0.00,0.00,4.00,100.00,770.00,0.00
268.43,Work,0.13,0.40,0.00,0.00,4.00,100.00,770.00,0.00
268.64,Work,0.13,0.40,0.00,0.00,4.00,100.00,770.00,0.00
268.74,Work,0.13,0.40,0.00,0.00,5.00,100.00,770.00,0.00
268.85,Work,0.13,0.40,0.00,0.00,5.00,100.00,770.00,0.00
268.95,Work,0.13,0.40,0.00,0.00,5.00,100.00,770.00,0.00
269.02,Work,0.13,0.40,0.00,0.00,5.00,100.00,770.00,0.00
269.13,Work,0.13,0.40,0.00,0.00,5.00,100.00,770.00,0.00
269.24,Work,0.13,0.40,0.00,0.00,5.00,100.00,770.00,0.00
269.39,Work,0.13,0.40,0.00,0.00,5.00,100.00,770.00,0.00
269.54,Work,0.13,0.40,0.00,0.00,5.00,100.00,770.00,0.00
271.85,Work,0.13,0.40,0.00,0.00,5.00,100.00,770.00,10.00
271.97,Work,0.13,0.40,0.00,0.00,5.00,100.00,770.00,20.00
272.06,Work,0.13,0.40,0.00,0.00,5.00,100.00,770.00,30.00
272.44,DropOffResource,0.17,0.30,0.00,0.00,5.00,100.00,770.00,40.00
274.93,DropOffResource,1.00,0.30,0.00,0.00,6.00,99.00,770.00,100.00
275.08,Eat,0.12,0.20,0.00,0.00,6.00,99.00,790.00,0.00
275.25,Work,0.12,0.40,0.00,0.00,0.00,99.00,780.00,20.00
275.81,DropOffResource,0.95,0.30,0.00,0.00,0.00,99.00,780.00,90.00
277.50,Work,0.10,0.40,0.00,0.00,0.00,99.00,800.00,0.00
281.18,Work,0.10,0.40,0.00,0.00,1.00,98.00,800.00,10.00
281.27,DropOffResource,0.17,0.30,0.00,0.00,1.00,98.00,800.00,40.00
283.82,DropOffResource,1.00,0.30,0.00,0.00,1.00,98.00,800.00,100.00
283.96,DropOffResource,0.09,0.30,0.00,0.00,2.00,97.00,820.00,30.00
284.06,DropOffResource,0.17,0.30,0.00,0.00,2.00,97.00,820.00,40.00
284.17,DropOffResource,0.83,0.30,0.00,0.00,2.00,97.00,820.00,80.00
284.24,DropOffResource,0.95,0.30,0.00,0.00,2.00,97.00,820.00,90.00
284.39,Work,0.07,0.40,0.00,0.00,2.00,97.00,840.00,0.00
288.06,Work,0.07,0.40,0.00,0.00,2.00,97.00,840.00,20.00
288.18,DropOffResource,0.30,0.30,0.00,0.00,2.00,97.00,840.00,50.00
290.67,DropOffResource,1.00,0.30,0.00,0.00,3.00,96.00,840.00,100.00
290.76,DropOffResource,1.00,0.30,0.00,0.00,3.00,96.00,840.00,100.00
290.90,Eat,0.06,0.20,0.00,0.00,3.00,96.00,860.00,20.00
291.07,DropOffResource,0.47,0.30,0.00,0.00,0.00,96.00,850.00,60.00
291.16,Work,0.05,0.40,0.00,0.00,0.00,96.00,870.00,20.00
294.89,DropOffResource,0.17,0.30,0.00,0.00,1.00,95.00,870.00,40.00
297.48,DropOffResource,1.00,0.30,0.00,0.00,1.00,95.00,870.00,100.00
297.58,DropOffResource,1.00,0.30,0.00,0.00,1.00,95.00,870.00,100.00
297.69,DropOffResource,1.00,0.30,0.00,0.00,1.00,95.00,870.00,100.00
297.77,DropOffResource,1.00,0.30,0.00,0.00,1.00,95.00,870.00,100.00
297.91,DropOffResource,1.00,0.30,0.00,0.00,1.00,95.00,870.00,100.00
298.03,DropOffResource,1.00,0.30,0.00,0.00,1.00,95.00,870.00,100.00
298.21,Work,0.03,0.40,0.00,0.00,1.00,95.00,890.00,0.00
301.92,DropOffResource,0.09,0.30,0.00,0.00,2.00,94.00,890.00,30.00
304.48,DropOffResource,1.00,0.30,0.00,0.00,3.00,93.00,890.00,100.00
304.56,DropOffResource,1.00,0.30,0.00,0.00,3.00,93.00,890.00,100.00
304.67,DropOffResource,0.30,0.30,0.00,0.00,3.00,93.00,910.00,50.00
304.79,Eat,0.06,0.20,0.00,0.00,3.00,93.00,930.00,10.00
304.93,DropOffResource,0.47,0.30,0.00,0.00,3.00,93.00,930.00,60.00
305.08,Eat,0.06,0.20,0.00,0.00,3.00,93.00,950.00,0.00
305.23,Sleep,0.01,0.10,0.00,0.00,0.00,93.00,940.00,0.00
311.42,Eat,0.02,0.20,0.00,0.00,1.00,93.00,940.00,0.00
311.51,Eat,0.02,0.20,0.00,0.00,1.00,95.00,940.00,0.00
311.63,Work,0.01,0.40,0.00,0.00,0.00,97.00,930.00,0.00
313.07,Work,0.01,0.40,0.00,0.00,0.00,100.00,930.00,0.00
313.17,Work,0.01,0.40,0.00,0.00,0.00,100.00,930.00,0.00
313.29,Work,0.01,0.40,0.00,0.00,0.00,100.00,930.00,0.00
313.40,Work,0.01,0.40,0.00,0.00,0.00,100.00,930.00,0.00
313.49,Work,0.01,0.40,0.00,0.00,0.00,100.00,930.00,0.00
313.63,Work,0.01,0.40,0.00,0.00,0.00,100.00,930.00,0.00
313.72,Work,0.01,0.40,0.00,0.00,0.00,100.00,930.00,0.00
313.81,Work,0.01,0.40,0.00,0.00,0.00,100.00,930.00,0.00
313.89,Work,0.01,0.40,0.00,0.00,0.00,100.00,930.00,0.00
313.97,Work,0.01,0.40,0.00,0.00,0.00,100.00,930.00,0.00
314.07,Work,0.01,0.40,0.00,0.00,0.00,100.00,930.00,0.00
314.15,Work,0.01,0.40,0.00,0.00,0.00,100.00,930.00,0.00
314.28,Eat,0.02,0.20,0.00,0.00,1.00,100.00,930.00,0.00
314.37,Eat,0.02,0.20,0.00,0.00,1.00,100.00,930.00,0.00
314.45,Eat,0.02,0.20,0.00,0.00,1.00,100.00,930.00,0.00
314.58,Work,0.02,0.40,0.00,0.00,0.00,100.00,920.00,0.00
316.41,Work,0.02,0.40,0.00,0.00,0.00,100.00,920.00,10.00
316.68,DropOffResource,0.03,0.30,0.00,0.00,0.00,100.00,920.00,20.00
319.14,DropOffResource,1.00,0.30,0.00,0.00,0.00,100.00,920.00,100.00
319.21,DropOffResource,1.00,0.30,0.00,0.00,0.00,100.00,920.00,100.00
319.33,DropOffResource,1.00,0.30,0.00,0.00,0.00,100.00,920.00,100.00
319.44,DropOffResource,1.00,0.30,0.00,0.00,1.00,99.00,920.00,100.00
319.55,DropOffResource,0.03,0.30,0.00,0.00,1.00,99.00,940.00,20.00
319.66,DropOffResource,0.03,0.30,0.00,0.00,1.00,99.00,960.00,20.00
319.81,Eat,0.02,0.20,0.00,0.00,1.00,99.00,980.00,10.00
319.91,DropOffResource,0.01,0.30,0.00,0.00,0.00,99.00,970.00,10.00
320.07,Sleep,0.00,0.10,0.00,0.00,0.00,99.00,990.00,0.00
326.25,Eat,0.02,0.20,0.00,0.00,1.00,100.00,990.00,0.00
326.35,Work,0.00,0.40,0.00,0.00,0.00,100.00,980.00,0.00
327.83,Work,0.00,0.40,0.00,0.00,0.00,100.00,980.00,0.00
327.94,Work,0.00,0.40,0.00,0.00,0.00,100.00,980.00,0.00
328.02,Work,0.00,0.40,0.00,0.00,0.00,100.00,980.00,0.00
328.20,Work,0.00,0.40,0.00,0.00,0.00,100.00,980.00,0.00
328.32,Work,0.00,0.40,0.00,0.00,0.00,100.00,980.00,0.00
328.39,Work,0.00,0.40,0.00,0.00,0.00,100.00,980.00,0.00
328.48,Work,0.00,0.40,0.00,0.00,0.00,100.00,980.00,0.00
328.60,Work,0.00,0.40,0.00,0.00,0.00,100.00,980.00,0.00
328.69,Work,0.00,0.40,0.00,0.00,0.00,100.00,980.00,0.00
328.84,Work,0.00,0.40,0.00,0.00,0.00,100.00,980.00,0.00
328.96,Work,0.00,0.40,0.00,0.00,0.00,100.00,980.00,0.00
329.08,Work,0.00,0.40,0.00,0.00,0.00,100.00,980.00,0.00
329.20,Work,0.00,0.40,0.00,0.00,0.00,100.00,980.00,0.00
329.27,Work,0.00,0.40,0.00,0.00,0.00,100.00,980.00,0.00
329.35,Work,0.00,0.40,0.00,0.00,0.00,100.00,980.00,0.00
331.03,Eat,0.02,0.20,0.00,0.00,1.00,99.00,980.00,10.00
331.23,DropOffResource,0.03,0.30,0.00,0.00,0.00,99.00,970.00,20.00
333.78,DropOffResource,1.00,0.30,0.00,0.00,0.00,99.00,970.00,100.00
333.86,DropOffResource,1.00,0.30,0.00,0.00,0.00,99.00,970.00,100.00
333.94,DropOffResource,1.00,0.30,0.00,0.00,0.00,99.00,970.00,100.00
334.05,DropOffResource,0.03,0.30,0.00,0.00,0.00,99.00,990.00,20.00
334.20,Sleep,0.00,0.10,0.00,0.00,0.00,99.00,1010.00,0.00
340.33,Eat,0.04,0.20,0.00,0.00,2.00,98.00,1010.00,0.00
340.45,Eat,0.00,0.20,0.00,0.00,0.00,100.00,1000.00,0.00
340.56,Work,0.00,0.40,0.00,0.00,0.00,100.00,990.00,0.00
342.00,Work,0.00,0.40,0.00,0.00,0.00,100.00,990.00,0.00
342.12,Work,0.00,0.40,0.00,0.00,0.00,100.00,990.00,0.00
342.19,Work,0.00,0.40,0.00,0.00,0.00,100.00,990.00,0.00
342.28,Work,0.00,0.40,0.00,0.00,0.00,100.00,990.00,0.00
342.36,Work,0.00,0.40,0.00,0.00,0.00,100.00,990.00,0.00
342.58,Work,0.00,0.40,0.00,0.00,0.00,100.00,990.00,0.00
342.75,Work,0.00,0.40,0.00,0.00,0.00,100.00,990.00,0.00
342.84,Work,0.00,0.40,0.00,0.00,0.00,100.00,990.00,0.00
342.97,Work,0.00,0.40,0.00,0.00,0.00,100.00,990.00,0.00
343.13,Work,0.00,0.40,0.00,0.00,0.00,100.00,990.00,0.00
343.22,Work,0.00,0.40,0.00,0.00,0.00,100.00,990.00,0.00
343.31,Work,0.00,0.40,0.00,0.00,0.00,100.00,990.00,0.00
343.41,Work,0.00,0.40,0.00,0.00,0.00,100.00,990.00,0.00
345.23,Eat,0.02,0.20,0.00,0.00,1.00,99.00,990.00,10.00
345.38,DropOffResource,0.01,0.30,0.00,0.00,0.00,99.00,980.00,10.00
347.88,DropOffResource,1.00,0.30,0.00,0.00,0.00,99.00,980.00,100.00
348.00,DropOffResource,0.17,0.30,0.00,0.00,0.00,99.00,1000.00,40.00
348.12,DropOffResource,0.03,0.30,0.00,0.00,0.00,99.00,1020.00,20.00
348.22,DropOffResource,0.30,0.30,0.00,0.00,0.00,99.00,1020.00,50.00
348.35,DropOffResource,0.47,0.30,0.00,0.00,0.00,99.00,1020.00,60.00
348.49,Sleep,0.00,0.10,0.00,0.00,0.00,99.00,1040.00,0.00
354.69,Eat,0.02,0.20,0.00,0.00,1.00,100.00,1040.00,0.00
354.78,Eat,0.02,0.20,0.00,0.00,1.00,100.00,1040.00,0.00
354.89,Eat,0.00,0.20,0.00,0.00,0.00,100.00,1030.00,0.00
354.97,Eat,0.00,0.20,0.00,0.00,0.00,100.00,1030.00,0.00
355.12,Eat,0.00,0.20,0.00,0.00,0.00,100.00,1020.00,0.00
355.24,Eat,0.00,0.20,0.00,0.00,0.00,100.00,1020.00,0.00
355.31,Eat,0.00,0.20,0.00,0.00,0.00,100.00,1020.00,0.00
355.43,Eat,0.00,0.20,0.00,0.00,0.00,100.00,1010.00,0.00
355.51,Eat,0.00,0.20,0.00,0.00,0.00,100.00,1010.00,0.00
355.59,Eat,0.00,0.20,0.00,0.00,0.00,100.00,1010.00,0.00
355.68,Eat,0.00,0.20,0.00,0.00,0.00,100.00,1010.00,0.00
355.82,Eat,0.00,0.20,0.00,0.00,0.00,100.00,1000.00,0.00
355.94,Work,0.00,0.40,0.00,0.00,0.00,100.00,990.00,0.00
357.33,Work,0.00,0.40,0.00,0.00,0.00,100.00,990.00,0.00
357.46,Work,0.00,0.40,0.00,0.00,0.00,100.00,990.00,0.00
357.57,Work,0.00,0.40,0.00,0.00,0.00,100.00,990.00,0.00
357.68,Work,0.00,0.40,0.00,0.00,0.00,100.00,990.00,0.00
357.76,Work,0.00,0.40,0.00,0.00,0.00,100.00,990.00,0.00
360.48,Eat,0.02,0.20,0.00,0.00,1.00,99.00,990.00,10.00
360.59,DropOffResource,0.03,0.30,0.00,0.00,1.00,99.00,990.00,20.00
363.09,DropOffResource,1.00,0.30,0.00,0.00,1.00,99.00,990.00,100.00
363.23,Eat,0.02,0.20,0.00,0.00,1.00,99.00,1010.00,10.00
363.33,DropOffResource,0.03,0.30,0.00,0.00,0.00,99.00,1000.00,20.00
363.50,DropOffResource,0.30,0.30,0.00,0.00,0.00,99.00,1020.00,50.00
363.63,Sleep,0.00,0.10,0.00,0.00,0.00,99.00,1040.00,0.00
369.87,Eat,0.02,0.20,0.00,0.00,1.00,100.00,1040.00,0.00
369.99,Eat,0.02,0.20,0.00,0.00,1.00,100.00,1040.00,0.00
370.06,Eat,0.04,0.20,0.00,0.00,2.00,100.00,1040.00,0.00
370.13,Eat,0.04,0.20,0.00,0.00,2.00,100.00,1040.00,0.00
370.25,Eat,0.00,0.20,0.00,0.00,0.00,100.00,1030.00,0.00
370.34,Eat,0.00,0.20,0.00,0.00,0.00,100.00,1030.00,0.00
370.50,Eat,0.00,0.20,0.00,0.00,0.00,100.00,1030.00,0.00
370.61,Eat,0.00,0.20,0.00,0.00,0.00,100.00,1030.00,0.00
370.72,Eat,0.00,0.20,0.00,0.00,0.00,100.00,1020.00,0.00
370.82,Eat,0.00,0.20,0.00,0.00,0.00,100.00,1010.00,0.00
370.97,Eat,0.00,0.20,0.00,0.00,0.00,100.00,1000.00,0.00
371.05,Eat,0.00,0.20,0.00,0.00,0.00,100.00,1000.00,0.00
371.17,Eat,0.00,0.20,0.00,0.00,0.00,100.00,1000.00,0.00
371.29,Work,0.00,0.40,0.00,0.00,0.00,100.00,990.00,0.00
372.70,Work,0.00,0.40,0.00,0.00,0.00,100.00,990.00,0.00
372.84,Work,0.00,0.40,0.00,0.00,0.00,100.00,990.00,0.00
372.96,Work,0.00,0.40,0.00,0.00,0.00,100.00,990.00,0.00
375.91,Eat,0.02,0.20,0.00,0.00,1.00,99.00,990.00,10.00
376.05,DropOffResource,0.01,0.30,0.00,0.00,0.00,99.00,980.00,10.00
378.59,DropOffResource,1.00,0.30,0.00,0.00,0.00,99.00,980.00,100.00
378.69,DropOffResource,1.00,0.30,0.00,0.00,0.00,99.00,980.00,100.00
378.80,DropOffResource,0.01,0.30,0.00,0.00,0.00,99.00,1000.00,10.00
378.91,DropOffResource,0.30,0.30,0.00,0.00,0.00,99.00,1000.00,50.00
379.07,Sleep,0.00,0.10,0.00,0.00,0.00,99.00,1020.00,0.00
385.27,Eat,0.04,0.20,0.00,0.00,2.00,98.00,1020.00,0.00
385.38,Eat,0.04,0.20,0.00,0.00,2.00,100.00,1020.00,0.00
385.51,Eat,0.00,0.20,0.00,0.00,0.00,100.00,1010.00,0.00
385.59,Eat,0.00,0.20,0.00,0.00,0.00,100.00,1010.00,0.00
385.70,Eat,0.00,0.20,0.00,0.00,0.00,100.00,1000.00,0.00
385.82,Work,0.00,0.40,0.00,0.00,0.00,100.00,990.00,0.00
time,actionName,score,cost,distanceCost,totalCost,hunger,sleep,money,inventory0.00,Work,1.00,0.40,0.00,0.00,49.00,51.00,10.00,0.00
3.14,Work,1.00,0.40,0.00,0.00,50.00,50.00,10.00,10.00
3.31,Work,1.00,0.40,0.00,0.00,50.00,50.00,10.00,50.00
3.47,DropOffResource,1.00,0.30,0.00,0.00,50.00,50.00,10.00,100.00
time,actionName,score,cost,distanceCost,totalCost,hunger,sleep,money,inventory0.00,Work,1.00,0.40,0.00,0.00,49.00,51.00,10.00,0.00
3.27,Work,1.00,0.40,0.00,0.00,50.00,50.00,10.00,20.00
3.35,Work,1.00,0.40,0.00,0.00,50.00,50.00,10.00,50.00
3.44,Work,1.00,0.40,0.00,0.00,50.00,50.00,10.00,80.00
3.55,DropOffResource,1.00,0.30,0.00,0.00,50.00,50.00,10.00,100.00
time,actionName,score,cost,distanceCost,totalCost,hunger,sleep,money,inventory0.00,Work,1.00,0.40,0.00,0.00,49.00,51.00,10.00,0.00
3.30,Work,1.00,0.40,0.00,0.00,50.00,50.00,10.00,10.00
3.52,DropOffResource,1.00,0.30,0.00,0.00,50.00,50.00,10.00,100.00
4.69,DropOffResource,1.00,0.30,0.00,0.00,50.00,50.00,10.00,100.00
4.77,DropOffResource,1.00,0.30,0.00,0.00,50.00,50.00,10.00,100.00
4.94,Work,1.00,0.40,0.00,0.00,50.00,50.00,30.00,40.00
5.48,DropOffResource,1.00,0.30,0.00,0.00,51.00,49.00,30.00,100.00
7.31,DropOffResource,1.00,0.30,0.00,0.00,51.00,49.00,30.00,100.00
7.45,Work,0.99,0.40,0.00,0.00,51.00,49.00,50.00,0.00
11.16,Work,0.99,0.40,0.00,0.00,52.00,48.00,50.00,20.00
11.25,Work,0.99,0.40,0.00,0.00,52.00,48.00,50.00,40.00
11.34,Work,0.99,0.40,0.00,0.00,52.00,48.00,50.00,70.00
11.45,DropOffResource,1.00,0.30,0.00,0.00,52.00,48.00,50.00,100.00
13.93,DropOffResource,1.00,0.30,0.00,0.00,52.00,48.00,50.00,100.00
14.00,DropOffResource,1.00,0.30,0.00,0.00,52.00,48.00,50.00,100.00
14.14,Work,0.99,0.40,0.00,0.00,52.00,48.00,70.00,20.00
14.71,Work,0.99,0.40,0.00,0.00,52.00,48.00,70.00,30.00
19.81,Work,0.99,0.40,0.00,0.00,53.00,47.00,70.00,60.00
19.97,Work,0.99,0.40,0.00,0.00,53.00,47.00,70.00,70.00
20.23,DropOffResource,1.00,0.30,0.00,0.00,53.00,47.00,70.00,100.00
22.72,DropOffResource,1.00,0.30,0.00,0.00,54.00,46.00,70.00,100.00
22.84,DropOffResource,1.00,0.30,0.00,0.00,54.00,46.00,70.00,100.00
22.97,Work,0.98,0.40,0.00,0.00,54.00,46.00,90.00,0.00
23.59,Work,0.98,0.40,0.00,0.00,54.00,46.00,90.00,50.00
28.67,Work,0.98,0.40,0.00,0.00,55.00,45.00,90.00,60.00
28.83,Work,0.98,0.40,0.00,0.00,55.00,45.00,90.00,90.00
28.93,DropOffResource,1.00,0.30,0.00,0.00,55.00,45.00,90.00,100.00
31.51,DropOffResource,1.00,0.30,0.00,0.00,56.00,44.00,90.00,100.00
31.59,DropOffResource,1.00,0.30,0.00,0.00,56.00,44.00,90.00,100.00
31.75,Work,0.97,0.40,0.00,0.00,56.00,44.00,110.00,20.00
35.48,Work,0.97,0.40,0.00,0.00,56.00,44.00,110.00,40.00
35.70,Work,0.97,0.40,0.00,0.00,57.00,43.00,110.00,90.00
35.90,DropOffResource,1.00,0.30,0.00,0.00,57.00,43.00,110.00,100.00
38.41,DropOffResource,1.00,0.30,0.00,0.00,57.00,43.00,110.00,100.00
38.58,Work,0.95,0.40,0.00,0.00,57.00,43.00,130.00,10.00
39.19,Work,0.95,0.40,0.00,0.00,57.00,43.00,130.00,30.00
44.34,Work,0.95,0.40,0.00,0.00,58.00,42.00,130.00,60.00
44.43,Work,0.95,0.40,0.00,0.00,58.00,42.00,130.00,80.00
44.61,DropOffResource,1.00,0.30,0.00,0.00,58.00,42.00,130.00,100.00
47.08,DropOffResource,1.00,0.30,0.00,0.00,59.00,41.00,130.00,100.00
47.18,DropOffResource,1.00,0.30,0.00,0.00,59.00,41.00,130.00,100.00
47.35,Work,0.94,0.40,0.00,0.00,59.00,41.00,150.00,40.00
47.89,Work,0.94,0.40,0.00,0.00,59.00,41.00,150.00,50.00
53.05,Work,0.94,0.40,0.00,0.00,60.00,40.00,150.00,70.00
53.28,DropOffResource,1.00,0.30,0.00,0.00,60.00,40.00,150.00,100.00
55.82,DropOffResource,1.00,0.30,0.00,0.00,61.00,39.00,150.00,100.00
55.92,DropOffResource,1.00,0.30,0.00,0.00,61.00,39.00,150.00,100.00
56.05,DropOffResource,1.00,0.30,0.00,0.00,61.00,39.00,150.00,100.00
56.14,DropOffResource,1.00,0.30,0.00,0.00,61.00,39.00,150.00,100.00
56.29,Work,0.92,0.40,0.00,0.00,61.00,39.00,170.00,10.00
60.00,Work,0.92,0.40,0.00,0.00,61.00,39.00,170.00,20.00
60.11,Work,0.92,0.40,0.00,0.00,61.00,39.00,170.00,50.00
60.20,Work,0.92,0.40,0.00,0.00,61.00,39.00,170.00,70.00
60.32,DropOffResource,1.00,0.30,0.00,0.00,61.00,39.00,170.00,100.00
62.90,DropOffResource,1.00,0.30,0.00,0.00,62.00,38.00,170.00,100.00
63.04,DropOffResource,1.00,0.30,0.00,0.00,62.00,38.00,170.00,100.00
63.20,Work,0.91,0.40,0.00,0.00,62.00,38.00,190.00,0.00
68.79,Work,0.91,0.40,0.00,0.00,63.00,37.00,190.00,10.00
68.98,Work,0.91,0.40,0.00,0.00,63.00,37.00,190.00,50.00
69.10,DropOffResource,0.95,0.30,0.00,0.00,63.00,37.00,190.00,90.00
71.64,DropOffResource,1.00,0.30,0.00,0.00,64.00,36.00,190.00,100.00
71.78,Work,0.89,0.40,0.00,0.00,64.00,36.00,210.00,30.00
72.36,Work,0.89,0.40,0.00,0.00,64.00,36.00,210.00,50.00
77.55,Work,0.89,0.40,0.00,0.00,65.00,35.00,210.00,70.00
77.68,DropOffResource,0.95,0.30,0.00,0.00,65.00,35.00,210.00,90.00
80.22,DropOffResource,1.00,0.30,0.00,0.00,65.00,35.00,210.00,100.00
80.40,DropOffResource,1.00,0.30,0.00,0.00,65.00,35.00,210.00,100.00
80.67,DropOffResource,1.00,0.30,0.00,0.00,65.00,35.00,210.00,100.00
80.81,Eat,0.88,0.20,0.00,0.00,65.00,35.00,230.00,0.00
80.96,Work,0.88,0.40,0.00,0.00,35.00,35.00,220.00,0.00
84.82,Work,0.88,0.40,0.00,0.00,36.00,34.00,220.00,30.00
85.12,DropOffResource,1.00,0.30,0.00,0.00,36.00,34.00,220.00,100.00
87.90,DropOffResource,1.00,0.30,0.00,0.00,37.00,33.00,220.00,100.00
88.14,Work,0.85,0.40,0.00,0.00,37.00,33.00,240.00,0.00
90.66,Work,0.85,0.40,0.00,0.00,37.00,33.00,240.00,10.00
93.88,Work,0.85,0.40,0.00,0.00,38.00,32.00,240.00,20.00
93.97,Work,0.85,0.40,0.00,0.00,38.00,32.00,240.00,60.00
94.14,DropOffResource,0.95,0.30,0.00,0.00,38.00,32.00,240.00,90.00
96.66,DropOffResource,1.00,0.30,0.00,0.00,39.00,31.00,240.00,100.00
96.79,DropOffResource,1.00,0.30,0.00,0.00,39.00,31.00,240.00,100.00
96.90,DropOffResource,1.00,0.30,0.00,0.00,39.00,31.00,240.00,100.00
97.05,Work,0.83,0.40,0.00,0.00,39.00,31.00,260.00,0.00
97.67,Work,0.83,0.40,0.00,0.00,39.00,31.00,260.00,10.00
102.78,Work,0.83,0.40,0.00,0.00,40.00,30.00,260.00,30.00
102.93,Work,0.83,0.40,0.00,0.00,40.00,30.00,260.00,50.00
103.02,Work,0.83,0.40,0.00,0.00,40.00,30.00,260.00,80.00
103.15,DropOffResource,1.00,0.30,0.00,0.00,40.00,30.00,260.00,100.00
105.68,DropOffResource,1.00,0.30,0.00,0.00,40.00,30.00,260.00,100.00
105.85,Work,0.81,0.40,0.00,0.00,40.00,30.00,280.00,20.00
109.55,Work,0.81,0.40,0.00,0.00,41.00,29.00,280.00,30.00
109.67,Work,0.81,0.40,0.00,0.00,41.00,29.00,280.00,60.00
109.77,DropOffResource,0.95,0.30,0.00,0.00,41.00,29.00,280.00,90.00
112.33,DropOffResource,1.00,0.30,0.00,0.00,42.00,28.00,280.00,100.00
112.49,DropOffResource,1.00,0.30,0.00,0.00,42.00,28.00,280.00,100.00
112.60,DropOffResource,1.00,0.30,0.00,0.00,42.00,28.00,280.00,100.00
112.72,DropOffResource,1.00,0.30,0.00,0.00,42.00,28.00,280.00,100.00
112.86,Sleep,0.81,0.10,0.00,0.00,42.00,28.00,300.00,0.00
119.16,Sleep,0.80,0.10,0.00,0.00,43.00,29.00,300.00,0.00
119.32,Work,0.78,0.40,0.00,0.00,43.00,31.00,300.00,0.00
120.76,Work,0.78,0.40,0.00,0.00,43.00,65.00,300.00,0.00
120.91,Work,0.78,0.40,0.00,0.00,43.00,68.00,300.00,0.00
121.00,Work,0.78,0.40,0.00,0.00,43.00,71.00,300.00,0.00
121.15,Work,0.78,0.40,0.00,0.00,43.00,72.00,300.00,0.00
121.24,Work,0.78,0.40,0.00,0.00,43.00,76.00,300.00,0.00
121.38,Work,0.78,0.40,0.00,0.00,43.00,77.00,300.00,0.00
121.45,Work,0.78,0.40,0.00,0.00,43.00,79.00,300.00,0.00
121.58,Work,0.78,0.40,0.00,0.00,43.00,82.00,300.00,0.00
121.67,Work,0.78,0.40,0.00,0.00,44.00,83.00,300.00,0.00
121.80,Work,0.78,0.40,0.00,0.00,44.00,86.00,300.00,0.00
121.90,Work,0.78,0.40,0.00,0.00,44.00,89.00,300.00,0.00
122.06,Work,0.78,0.40,0.00,0.00,44.00,93.00,300.00,0.00
122.29,Work,0.78,0.40,0.00,0.00,44.00,94.00,300.00,0.00
125.12,Work,0.78,0.40,0.00,0.00,44.00,94.00,300.00,10.00
125.28,Work,0.78,0.40,0.00,0.00,44.00,94.00,300.00,40.00
125.52,Work,0.78,0.40,0.00,0.00,44.00,94.00,300.00,60.00
125.71,DropOffResource,1.00,0.30,0.00,0.00,44.00,94.00,300.00,100.00
128.21,DropOffResource,1.00,0.30,0.00,0.00,45.00,93.00,300.00,100.00
128.38,Work,0.76,0.40,0.00,0.00,45.00,93.00,320.00,10.00
128.96,Work,0.76,0.40,0.00,0.00,45.00,93.00,320.00,50.00
134.08,DropOffResource,0.83,0.30,0.00,0.00,46.00,92.00,320.00,80.00
136.56,DropOffResource,1.00,0.30,0.00,0.00,46.00,92.00,320.00,100.00
136.65,DropOffResource,1.00,0.30,0.00,0.00,46.00,92.00,320.00,100.00
136.75,DropOffResource,1.00,0.30,0.00,0.00,46.00,92.00,320.00,100.00
136.89,Work,0.73,0.40,0.00,0.00,47.00,91.00,340.00,30.00
137.49,DropOffResource,0.83,0.30,0.00,0.00,47.00,91.00,340.00,80.00
139.13,Eat,0.72,0.20,0.00,0.00,47.00,91.00,360.00,0.00
139.28,Work,0.72,0.40,0.00,0.00,17.00,91.00,350.00,0.00
142.92,Work,0.72,0.40,0.00,0.00,18.00,90.00,350.00,20.00
143.10,Work,0.72,0.40,0.00,0.00,18.00,90.00,350.00,60.00
143.27,DropOffResource,0.95,0.30,0.00,0.00,18.00,90.00,350.00,90.00
145.74,DropOffResource,1.00,0.30,0.00,0.00,18.00,90.00,350.00,100.00
145.87,Work,0.69,0.40,0.00,0.00,18.00,90.00,370.00,20.00
146.49,Work,0.69,0.40,0.00,0.00,18.00,90.00,370.00,70.00
151.57,DropOffResource,0.83,0.30,0.00,0.00,19.00,89.00,370.00,80.00
154.08,DropOffResource,1.00,0.30,0.00,0.00,20.00,88.00,370.00,100.00
154.18,DropOffResource,1.00,0.30,0.00,0.00,20.00,88.00,370.00,100.00
154.36,Work,0.66,0.40,0.00,0.00,20.00,88.00,390.00,40.00
154.96,DropOffResource,1.00,0.30,0.00,0.00,20.00,88.00,390.00,100.00
156.61,Work,0.63,0.40,0.00,0.00,20.00,88.00,410.00,0.00
162.32,Work,0.63,0.40,0.00,0.00,22.00,86.00,410.00,30.00
162.50,DropOffResource,0.65,0.30,0.00,0.00,22.00,86.00,410.00,70.00
164.95,DropOffResource,1.00,0.30,0.00,0.00,22.00,86.00,410.00,100.00
165.04,DropOffResource,1.00,0.30,0.00,0.00,22.00,86.00,410.00,100.00
165.19,DropOffResource,1.00,0.30,0.00,0.00,22.00,86.00,410.00,100.00
165.28,DropOffResource,1.00,0.30,0.00,0.00,22.00,86.00,410.00,100.00
165.41,DropOffResource,1.00,0.30,0.00,0.00,22.00,86.00,410.00,100.00
165.49,DropOffResource,1.00,0.30,0.00,0.00,22.00,86.00,410.00,100.00
165.66,Work,0.60,0.40,0.00,0.00,22.00,86.00,430.00,0.00
169.35,Work,0.60,0.40,0.00,0.00,23.00,85.00,430.00,20.00
169.43,Work,0.60,0.40,0.00,0.00,23.00,85.00,430.00,40.00
169.59,DropOffResource,0.65,0.30,0.00,0.00,23.00,85.00,430.00,70.00
172.06,DropOffResource,1.00,0.30,0.00,0.00,23.00,85.00,430.00,100.00
172.15,DropOffResource,1.00,0.30,0.00,0.00,23.00,85.00,430.00,100.00
172.27,DropOffResource,1.00,0.30,0.00,0.00,23.00,85.00,430.00,100.00
172.36,DropOffResource,1.00,0.30,0.00,0.00,24.00,84.00,430.00,100.00
172.52,Work,0.57,0.40,0.00,0.00,24.00,84.00,450.00,0.00
173.05,Work,0.57,0.40,0.00,0.00,24.00,84.00,450.00,10.00
178.25,Work,0.57,0.40,0.00,0.00,25.00,83.00,450.00,30.00
178.36,Work,0.57,0.40,0.00,0.00,25.00,83.00,450.00,60.00
178.51,DropOffResource,0.95,0.30,0.00,0.00,25.00,83.00,450.00,90.00
time,actionName,score,cost,distanceCost,totalCost,hunger,sleep,money,inventory0.00,Work,1.00,0.40,0.00,0.00,49.00,51.00,10.00,0.00
3.14,Work,1.00,0.40,0.00,0.00,50.00,50.00,10.00,10.00
3.33,Work,1.00,0.40,0.00,0.00,50.00,50.00,10.00,60.00
3.56,Work,1.00,0.40,0.00,0.00,50.00,50.00,10.00,90.00
3.61,DropOffResource,1.00,0.30,0.00,0.00,50.00,50.00,10.00,100.00
4.71,DropOffResource,1.00,0.30,0.00,0.00,50.00,50.00,10.00,100.00
4.86,Work,1.00,0.40,0.00,0.00,50.00,50.00,30.00,20.00
5.47,DropOffResource,1.00,0.30,0.00,0.00,51.00,49.00,30.00,100.00
7.01,DropOffResource,1.00,0.30,0.00,0.00,51.00,49.00,30.00,100.00
7.15,Work,0.99,0.40,0.00,0.00,51.00,49.00,50.00,0.00
10.85,Work,0.99,0.40,0.00,0.00,52.00,48.00,50.00,20.00
10.90,Work,0.99,0.40,0.00,0.00,52.00,48.00,50.00,40.00
11.08,Work,0.99,0.40,0.00,0.00,52.00,48.00,50.00,80.00
11.27,DropOffResource,1.00,0.30,0.00,0.00,52.00,48.00,50.00,100.00
13.76,DropOffResource,1.00,0.30,0.00,0.00,52.00,48.00,50.00,100.00
13.88,DropOffResource,1.00,0.30,0.00,0.00,52.00,48.00,50.00,100.00
13.96,Work,0.99,0.40,0.00,0.00,52.00,48.00,70.00,0.00
14.56,Work,0.99,0.40,0.00,0.00,52.00,48.00,70.00,40.00
19.66,Work,0.99,0.40,0.00,0.00,53.00,47.00,70.00,60.00
19.72,Work,0.99,0.40,0.00,0.00,53.00,47.00,70.00,80.00
19.86,DropOffResource,1.00,0.30,0.00,0.00,53.00,47.00,70.00,100.00
22.30,DropOffResource,1.00,0.30,0.00,0.00,54.00,46.00,70.00,100.00
22.45,Work,0.98,0.40,0.00,0.00,54.00,46.00,90.00,40.00
23.06,DropOffResource,1.00,0.30,0.00,0.00,54.00,46.00,90.00,100.00
24.65,Work,0.97,0.40,0.00,0.00,54.00,46.00,110.00,0.00
28.41,Work,0.97,0.40,0.00,0.00,55.00,45.00,110.00,30.00
28.46,Work,0.97,0.40,0.00,0.00,55.00,45.00,110.00,50.00
28.60,Work,0.97,0.40,0.00,0.00,55.00,45.00,110.00,70.00
28.65,DropOffResource,1.00,0.30,0.00,0.00,55.00,45.00,110.00,100.00
31.17,DropOffResource,1.00,0.30,0.00,0.00,56.00,44.00,110.00,100.00
31.25,DropOffResource,1.00,0.30,0.00,0.00,56.00,44.00,110.00,100.00
31.40,Work,0.95,0.40,0.00,0.00,56.00,44.00,130.00,30.00
31.93,Work,0.95,0.40,0.00,0.00,56.00,44.00,130.00,40.00
37.18,Work,0.95,0.40,0.00,0.00,57.00,43.00,130.00,90.00
37.35,DropOffResource,1.00,0.30,0.00,0.00,57.00,43.00,130.00,100.00
39.84,DropOffResource,1.00,0.30,0.00,0.00,57.00,43.00,130.00,100.00
39.95,Work,0.94,0.40,0.00,0.00,57.00,43.00,150.00,20.00
40.48,DropOffResource,1.00,0.30,0.00,0.00,58.00,42.00,150.00,100.00
42.31,Work,0.92,0.40,0.00,0.00,58.00,42.00,170.00,0.00
45.96,Work,0.92,0.40,0.00,0.00,59.00,41.00,170.00,10.00
46.04,Work,0.92,0.40,0.00,0.00,59.00,41.00,170.00,30.00
46.19,Work,0.92,0.40,0.00,0.00,59.00,41.00,170.00,80.00
46.27,DropOffResource,1.00,0.30,0.00,0.00,59.00,41.00,170.00,100.00
48.82,DropOffResource,1.00,0.30,0.00,0.00,59.00,41.00,170.00,100.00
48.93,Work,0.91,0.40,0.00,0.00,59.00,41.00,190.00,20.00
49.49,Work,0.91,0.40,0.00,0.00,59.00,41.00,190.00,60.00
54.67,DropOffResource,0.95,0.30,0.00,0.00,60.00,40.00,190.00,90.00
57.10,DropOffResource,1.00,0.30,0.00,0.00,61.00,39.00,190.00,100.00
57.27,Work,0.89,0.40,0.00,0.00,61.00,39.00,210.00,30.00
57.85,DropOffResource,1.00,0.30,0.00,0.00,61.00,39.00,210.00,100.00
59.45,Work,0.87,0.40,0.00,0.00,61.00,39.00,230.00,0.00
63.15,Work,0.87,0.40,0.00,0.00,62.00,38.00,230.00,30.00
63.31,Work,0.87,0.40,0.00,0.00,62.00,38.00,230.00,70.00
63.39,DropOffResource,1.00,0.30,0.00,0.00,62.00,38.00,230.00,100.00
65.91,DropOffResource,1.00,0.30,0.00,0.00,63.00,37.00,230.00,100.00
65.98,DropOffResource,1.00,0.30,0.00,0.00,63.00,37.00,230.00,100.00
66.14,Eat,0.86,0.20,0.00,0.00,63.00,37.00,250.00,20.00
66.21,Eat,0.86,0.20,0.00,0.00,63.00,37.00,250.00,40.00
66.33,Work,0.85,0.40,0.00,0.00,33.00,37.00,240.00,50.00
66.86,Work,0.85,0.40,0.00,0.00,33.00,37.00,240.00,60.00
70.02,Work,0.85,0.40,0.00,0.00,33.00,37.00,240.00,70.00
70.11,Work,0.85,0.40,0.00,0.00,33.00,37.00,240.00,80.00
70.20,DropOffResource,1.00,0.30,0.00,0.00,33.00,37.00,240.00,100.00
72.67,DropOffResource,1.00,0.30,0.00,0.00,34.00,36.00,240.00,100.00
72.81,Work,0.83,0.40,0.00,0.00,34.00,36.00,260.00,0.00
73.35,DropOffResource,1.00,0.30,0.00,0.00,34.00,36.00,260.00,100.00
75.27,Work,0.81,0.40,0.00,0.00,34.00,36.00,280.00,0.00
78.97,Work,0.81,0.40,0.00,0.00,35.00,35.00,280.00,10.00
79.05,Work,0.81,0.40,0.00,0.00,35.00,35.00,280.00,50.00
79.13,Work,0.81,0.40,0.00,0.00,35.00,35.00,280.00,70.00
79.35,DropOffResource,1.00,0.30,0.00,0.00,35.00,35.00,280.00,100.00
81.87,DropOffResource,1.00,0.30,0.00,0.00,36.00,34.00,280.00,100.00
81.96,DropOffResource,1.00,0.30,0.00,0.00,36.00,34.00,280.00,100.00
82.04,DropOffResource,1.00,0.30,0.00,0.00,36.00,34.00,280.00,100.00
82.19,Work,0.78,0.40,0.00,0.00,36.00,34.00,300.00,10.00
82.76,Work,0.78,0.40,0.00,0.00,36.00,34.00,300.00,30.00
87.84,Work,0.78,0.40,0.00,0.00,37.00,33.00,300.00,40.00
87.92,Work,0.78,0.40,0.00,0.00,37.00,33.00,300.00,60.00
88.02,DropOffResource,0.83,0.30,0.00,0.00,37.00,33.00,300.00,80.00
90.49,DropOffResource,1.00,0.30,0.00,0.00,37.00,33.00,300.00,100.00
90.62,Work,0.76,0.40,0.00,0.00,37.00,33.00,320.00,30.00
91.22,DropOffResource,0.95,0.30,0.00,0.00,38.00,32.00,320.00,90.00
92.84,Sleep,0.76,0.10,0.00,0.00,38.00,32.00,340.00,0.00
98.95,Sleep,0.76,0.10,0.00,0.00,39.00,32.00,340.00,0.00
99.11,Work,0.73,0.40,0.00,0.00,39.00,35.00,340.00,0.00
100.48,Work,0.73,0.40,0.00,0.00,39.00,73.00,340.00,0.00
100.58,Work,0.73,0.40,0.00,0.00,39.00,76.00,340.00,0.00
100.66,Work,0.73,0.40,0.00,0.00,39.00,79.00,340.00,0.00
100.81,Work,0.73,0.40,0.00,0.00,39.00,83.00,340.00,0.00
100.91,Work,0.73,0.40,0.00,0.00,39.00,85.00,340.00,0.00
101.06,Work,0.73,0.40,0.00,0.00,39.00,89.00,340.00,0.00
101.17,Work,0.73,0.40,0.00,0.00,40.00,93.00,340.00,0.00
101.29,Work,0.73,0.40,0.00,0.00,40.00,95.00,340.00,0.00
101.49,Work,0.73,0.40,0.00,0.00,40.00,100.00,340.00,0.00
101.56,Work,0.73,0.40,0.00,0.00,40.00,100.00,340.00,0.00
101.68,Work,0.73,0.40,0.00,0.00,40.00,100.00,340.00,0.00
101.75,Work,0.73,0.40,0.00,0.00,40.00,100.00,340.00,0.00
101.85,Work,0.73,0.40,0.00,0.00,40.00,100.00,340.00,0.00
101.95,Work,0.73,0.40,0.00,0.00,40.00,100.00,340.00,0.00
102.06,Work,0.73,0.40,0.00,0.00,40.00,100.00,340.00,0.00
102.15,Work,0.73,0.40,0.00,0.00,40.00,100.00,340.00,0.00
103.80,Work,0.73,0.40,0.00,0.00,40.00,100.00,340.00,10.00
104.07,Work,0.73,0.40,0.00,0.00,40.00,100.00,340.00,30.00
104.30,Work,0.73,0.40,0.00,0.00,40.00,100.00,340.00,50.00
104.41,Work,0.73,0.40,0.00,0.00,40.00,100.00,340.00,60.00
104.50,DropOffResource,0.83,0.30,0.00,0.00,40.00,100.00,340.00,80.00
107.06,DropOffResource,1.00,0.30,0.00,0.00,41.00,99.00,340.00,100.00
107.16,Work,0.70,0.40,0.00,0.00,41.00,99.00,360.00,0.00
107.74,Work,0.70,0.40,0.00,0.00,41.00,99.00,360.00,50.00
112.86,DropOffResource,0.83,0.30,0.00,0.00,42.00,98.00,360.00,80.00
115.38,DropOffResource,1.00,0.30,0.00,0.00,42.00,98.00,360.00,100.00
115.45,DropOffResource,1.00,0.30,0.00,0.00,42.00,98.00,360.00,100.00
115.53,DropOffResource,1.00,0.30,0.00,0.00,42.00,98.00,360.00,100.00
115.64,Work,0.68,0.40,0.00,0.00,42.00,98.00,380.00,30.00
116.24,DropOffResource,0.95,0.30,0.00,0.00,42.00,98.00,380.00,90.00
117.82,Eat,0.68,0.20,0.00,0.00,43.00,97.00,400.00,0.00
117.96,Work,0.66,0.40,0.00,0.00,13.00,97.00,390.00,0.00
121.67,Work,0.66,0.40,0.00,0.00,14.00,96.00,390.00,20.00
121.85,Work,0.66,0.40,0.00,0.00,14.00,96.00,390.00,70.00
121.91,DropOffResource,1.00,0.30,0.00,0.00,14.00,96.00,390.00,100.00
124.39,DropOffResource,1.00,0.30,0.00,0.00,14.00,96.00,390.00,100.00
124.46,DropOffResource,1.00,0.30,0.00,0.00,14.00,96.00,390.00,100.00
124.56,DropOffResource,1.00,0.30,0.00,0.00,14.00,96.00,390.00,100.00
124.66,Work,0.63,0.40,0.00,0.00,14.00,96.00,410.00,10.00
127.24,Work,0.63,0.40,0.00,0.00,15.00,95.00,410.00,40.00
130.43,Work,0.63,0.40,0.00,0.00,15.00,95.00,410.00,50.00
130.52,DropOffResource,1.00,0.30,0.00,0.00,15.00,95.00,410.00,100.00
133.04,DropOffResource,1.00,0.30,0.00,0.00,16.00,94.00,410.00,100.00
133.13,Work,0.60,0.40,0.00,0.00,16.00,94.00,430.00,30.00
133.76,DropOffResource,1.00,0.30,0.00,0.00,16.00,94.00,430.00,100.00
135.31,Work,0.57,0.40,0.00,0.00,16.00,94.00,450.00,0.00
138.98,Work,0.57,0.40,0.00,0.00,17.00,93.00,450.00,10.00
139.09,Work,0.57,0.40,0.00,0.00,17.00,93.00,450.00,40.00
139.18,DropOffResource,0.65,0.30,0.00,0.00,17.00,93.00,450.00,70.00
141.64,DropOffResource,1.00,0.30,0.00,0.00,18.00,92.00,450.00,100.00
141.79,Work,0.54,0.40,0.00,0.00,18.00,92.00,470.00,20.00
142.38,DropOffResource,0.95,0.30,0.00,0.00,18.00,92.00,470.00,90.00
143.95,Work,0.51,0.40,0.00,0.00,18.00,92.00,490.00,0.00
147.59,Work,0.51,0.40,0.00,0.00,19.00,91.00,490.00,10.00
147.74,Work,0.51,0.40,0.00,0.00,19.00,91.00,490.00,30.00
147.83,DropOffResource,0.65,0.30,0.00,0.00,19.00,91.00,490.00,70.00
150.37,DropOffResource,1.00,0.30,0.00,0.00,19.00,91.00,490.00,100.00
150.46,DropOffResource,1.00,0.30,0.00,0.00,19.00,91.00,490.00,100.00
150.58,DropOffResource,1.00,0.30,0.00,0.00,19.00,91.00,490.00,100.00
150.68,DropOffResource,1.00,0.30,0.00,0.00,19.00,91.00,490.00,100.00
150.80,Work,0.49,0.40,0.00,0.00,19.00,91.00,510.00,10.00
154.52,Work,0.49,0.40,0.00,0.00,20.00,90.00,510.00,50.00
154.67,DropOffResource,0.65,0.30,0.00,0.00,20.00,90.00,510.00,70.00
157.14,DropOffResource,1.00,0.30,0.00,0.00,21.00,89.00,510.00,100.00
157.31,Work,0.46,0.40,0.00,0.00,21.00,89.00,530.00,30.00
157.84,DropOffResource,1.00,0.30,0.00,0.00,21.00,89.00,530.00,100.00
159.78,Work,0.43,0.40,0.00,0.00,21.00,89.00,550.00,0.00
163.45,Work,0.43,0.40,0.00,0.00,22.00,88.00,550.00,10.00
163.53,Work,0.43,0.40,0.00,0.00,22.00,88.00,550.00,50.00
163.61,DropOffResource,0.47,0.30,0.00,0.00,22.00,88.00,550.00,60.00
166.17,DropOffResource,1.00,0.30,0.00,0.00,22.00,88.00,550.00,100.00
166.25,DropOffResource,1.00,0.30,0.00,0.00,22.00,88.00,550.00,100.00
166.33,DropOffResource,1.00,0.30,0.00,0.00,22.00,88.00,550.00,100.00
166.45,Work,0.40,0.40,0.00,0.00,22.00,88.00,570.00,30.00
166.99,Eat,0.41,0.20,0.00,0.00,23.00,87.00,570.00,50.00
167.16,Work,0.41,0.40,0.00,0.00,0.00,87.00,560.00,50.00
172.14,DropOffResource,0.65,0.30,0.00,0.00,1.00,86.00,560.00,70.00
174.59,DropOffResource,1.00,0.30,0.00,0.00,1.00,86.00,560.00,100.00
174.73,Work,0.38,0.40,0.00,0.00,1.00,86.00,580.00,10.00
175.33,DropOffResource,1.00,0.30,0.00,0.00,1.00,86.00,580.00,100.00
176.90,Work,0.35,0.40,0.00,0.00,1.00,86.00,600.00,0.00
time,actionName,score,cost,distanceCost,totalCost,hunger,sleep,money,inventory0.00,Eat,0.70,0.20,0.00,0.00,49.00,51.00,10.00,0.00
0.41,Sleep,0.45,0.10,0.00,0.00,20.00,50.00,0.00,0.00
6.01,Work,1.00,0.40,0.00,0.00,21.00,51.00,0.00,0.00
7.41,Work,0.56,0.40,0.08,0.44,21.00,87.00,0.00,0.00
7.52,Eat,0.26,0.20,0.00,0.20,21.00,90.00,0.00,0.00
7.61,DropOffResource,0.00,0.30,0.00,0.00,21.00,93.00,0.00,0.00
